author,contestID,id,language,memoryBytes,participantType,passedTestCount,points,problem_index,problem_name,problem_tags,relativeTimeSeconds,startTimeSeconds,testset,timeMilliseconds,verdict
nimishagarg_ng,978,38212280,GNU C++14,3379200,PRACTICE,42,0.0,E,Bus Video System,[math],2147483647,1526296911,TESTS,15,OK
nimishagarg_ng,978,38209976,GNU C++14,4198400,PRACTICE,39,0.0,D,Almost Arithmetic Progression,"[brute force, implementation, math]",2147483647,1526289150,TESTS,46,OK
nimishagarg_ng,978,38181227,GNU C++14,4812800,OUT_OF_COMPETITION,6,0.0,D,Almost Arithmetic Progression,"[brute force, implementation, math]",6465,1526208765,TESTS,46,WRONG_ANSWER
nimishagarg_ng,978,38172881,GNU C++14,4915200,OUT_OF_COMPETITION,16,0.0,C,Letters,"[binary search, implementation, two pointers]",3559,1526205859,TESTS,638,OK
nimishagarg_ng,978,38170046,GNU C++14,3686400,OUT_OF_COMPETITION,13,0.0,B,File Name,"[greedy, strings]",2680,1526204980,TESTS,31,OK
nimishagarg_ng,978,38168915,GNU C++14,3686400,OUT_OF_COMPETITION,28,0.0,A,Remove Duplicates,[implementation],2360,1526204660,TESTS,30,OK
nimishagarg_ng,490,38151129,GNU C++14,3379200,PRACTICE,2,1000.0,B,Queue,"[dsu, implementation]",2147483647,1526180044,TESTS,15,WRONG_ANSWER
nimishagarg_ng,30,38150770,GNU C++14,3584000,PRACTICE,50,1500.0,C,Shooting Gallery,"[dp, probabilities]",2147483647,1526177812,TESTS,62,OK
nimishagarg_ng,30,38150560,GNU C++14,3481600,PRACTICE,3,1500.0,C,Shooting Gallery,"[dp, probabilities]",2147483647,1526176363,TESTS,30,WRONG_ANSWER
nimishagarg_ng,384,38150284,GNU C++14,4096000,PRACTICE,42,1500.0,C,Milking cows,[greedy],2147483647,1526174257,TESTS,62,OK
nimishagarg_ng,287,38130204,GNU C++14,7168000,PRACTICE,30,1500.0,C,Lucky Permutation,"[constructive algorithms, greedy, implementation, math]",2147483647,1526107688,TESTS,92,OK
nimishagarg_ng,237,38126819,GNU C++14,15667200,PRACTICE,55,1500.0,C,Primes on Interval,"[binary search, number theory, two pointers]",2147483647,1526096612,TESTS,78,OK
nimishagarg_ng,314,38119938,GNU C++14,3379200,PRACTICE,3,500.0,A,Sereja and Contest,[implementation],2147483647,1526058389,TESTS,30,WRONG_ANSWER
nimishagarg_ng,314,38119811,GNU C++14,3686400,PRACTICE,3,500.0,A,Sereja and Contest,[implementation],2147483647,1526058035,TESTS,60,WRONG_ANSWER
nimishagarg_ng,314,38119681,GNU C++14,3686400,PRACTICE,3,500.0,A,Sereja and Contest,[implementation],2147483647,1526057601,TESTS,30,WRONG_ANSWER
nimishagarg_ng,788,38118654,GNU C++14,4915200,PRACTICE,52,500.0,A,Functions again,"[dp, two pointers]",2147483647,1526054411,TESTS,46,OK
nimishagarg_ng,704,38074813,GNU C++14,187801600,PRACTICE,99,500.0,A,Thor,"[brute force, data structures, implementation]",2147483647,1525876974,TESTS,904,OK
nimishagarg_ng,272,38070588,GNU C++14,4096000,PRACTICE,48,1500.0,C,Dima and Staircase,"[data structures, implementation]",2147483647,1525868079,TESTS,716,OK
nimishagarg_ng,578,38067046,GNU C++14,3379200,PRACTICE,31,250.0,A,A Problem about Polyline,"[geometry, math]",2147483647,1525859627,TESTS,15,OK
nimishagarg_ng,980,38045496,GNU C++14,3891200,CONTESTANT,82,1500.0,C,Posterized,"[games, greedy]",5899,1525797799,TESTS,77,OK
nimishagarg_ng,980,38044308,GNU C++14,3481600,CONTESTANT,8,1500.0,C,Posterized,"[games, greedy]",5471,1525797371,PRETESTS,15,WRONG_ANSWER
nimishagarg_ng,980,38037469,GNU C++14,3379200,CONTESTANT,88,1000.0,B,Marlin,[constructive algorithms],3152,1525795052,TESTS,31,OK
nimishagarg_ng,980,38031806,GNU C++14,3379200,CONTESTANT,4,1000.0,B,Marlin,[constructive algorithms],1518,1525793418,PRETESTS,30,WRONG_ANSWER
nimishagarg_ng,980,38026130,GNU C++14,3379200,CONTESTANT,69,500.0,A,Links and Pearls,"[implementation, math]",353,1525792253,TESTS,31,OK
nimishagarg_ng,922,38021274,GNU C++14,3686400,PRACTICE,90,1250.0,C,Cave Painting,"[brute force, number theory]",2147483647,1525784850,TESTS,46,OK
nimishagarg_ng,745,38019929,GNU C++14,4915200,PRACTICE,61,1500.0,C,Hongcow Builds A Nation,"[constructive algorithms, dfs and similar, graphs]",2147483647,1525781584,TESTS,61,OK
nimishagarg_ng,599,38018249,GNU C++14,7577600,PRACTICE,61,1000.0,B,Spongebob and Joke,[implementation],2147483647,1525777141,TESTS,124,OK
nimishagarg_ng,599,38018202,GNU C++14,7577600,PRACTICE,19,1000.0,B,Spongebob and Joke,[implementation],2147483647,1525777005,TESTS,108,WRONG_ANSWER
nimishagarg_ng,731,38017757,GNU C++14,27648000,PRACTICE,70,1500.0,C,Socks,"[dsu, graphs, greedy]",2147483647,1525775732,TESTS,483,OK
nimishagarg_ng,782,38016934,GNU C++14,4608000,PRACTICE,46,1000.0,B,The Meeting Place Cannot Be Changed,"[binary search, ternary search]",2147483647,1525773002,TESTS,77,OK
nimishagarg_ng,782,38016844,GNU C++14,3379200,PRACTICE,2,1000.0,B,The Meeting Place Cannot Be Changed,"[binary search, ternary search]",2147483647,1525772663,TESTS,5000,TIME_LIMIT_EXCEEDED
nimishagarg_ng,505,38004257,GNU C++14,3481600,PRACTICE,29,1000.0,B,Mr. Kitayuta's Colorful Graph,"[dfs and similar, dp, dsu, graphs]",2147483647,1525716678,TESTS,31,OK
nimishagarg_ng,322,38003054,GNU C++14,3379200,PRACTICE,40,1000.0,B,Ciel and Flowers,"[combinatorics, math]",2147483647,1525713412,TESTS,62,OK
nimishagarg_ng,322,38002940,GNU C++14,3379200,PRACTICE,9,1000.0,B,Ciel and Flowers,"[combinatorics, math]",2147483647,1525713147,TESTS,30,WRONG_ANSWER
nimishagarg_ng,527,37998596,GNU C++14,6963200,PRACTICE,57,1000.0,B,Error Correct System,[greedy],2147483647,1525703492,TESTS,31,OK
nimishagarg_ng,697,37986349,GNU C++14,3686400,PRACTICE,42,1000.0,B,Barnicle,[implementation],2147483647,1525673595,TESTS,31,OK
nimishagarg_ng,697,37986255,GNU C++14,3686400,PRACTICE,29,1000.0,B,Barnicle,[implementation],2147483647,1525673263,TESTS,31,WRONG_ANSWER
nimishagarg_ng,697,37986151,GNU C++14,3686400,PRACTICE,8,1000.0,B,Barnicle,[implementation],2147483647,1525672910,TESTS,15,WRONG_ANSWER
nimishagarg_ng,498,37985609,GNU C++14,3686400,PRACTICE,51,500.0,A,Crazy Town,[geometry],2147483647,1525670718,TESTS,31,OK
nimishagarg_ng,498,37985562,GNU C++14,3379200,PRACTICE,2,500.0,A,Crazy Town,[geometry],2147483647,1525670476,TESTS,15,WRONG_ANSWER
nimishagarg_ng,793,37918236,GNU C++14,5939200,PRACTICE,66,1000.0,B,Igor and his way to work,"[dfs and similar, shortest paths]",2147483647,1525580227,TESTS,46,OK
nimishagarg_ng,271,37887659,GNU C++14,10035200,PRACTICE,42,1000.0,B,Prime Matrix,"[binary search, brute force, math, number theory]",2147483647,1525451240,TESTS,218,OK
nimishagarg_ng,689,37887315,GNU C++14,5017600,PRACTICE,54,1000.0,B,Mike and Shortcuts,[dfs and similar],2147483647,1525450086,TESTS,93,OK
nimishagarg_ng,689,37886808,GNU C++14,3379200,PRACTICE,5,1000.0,B,Mike and Shortcuts,[dfs and similar],2147483647,1525448402,TESTS,30,WRONG_ANSWER
nimishagarg_ng,689,37886615,GNU C++14,3379200,PRACTICE,3,1000.0,B,Mike and Shortcuts,[dfs and similar],2147483647,1525447679,TESTS,31,WRONG_ANSWER
nimishagarg_ng,958,37367425,GNU C++14,7372800,PRACTICE,59,0.0,F2,Lightsabers (medium),"[binary search, two pointers]",2147483647,1523867251,TESTS,124,OK
toxic_hack,958,37324952,GNU C++14,3481600,CONTESTANT,1,0.0,F2,Lightsabers (medium),"[binary search, two pointers]",16274,1523705774,TESTS,15,WRONG_ANSWER
toxic_hack,958,37324814,GNU C++14,3584000,CONTESTANT,36,0.0,F2,Lightsabers (medium),"[binary search, two pointers]",16069,1523705569,TESTS,46,WRONG_ANSWER
toxic_hack,958,37324745,GNU C++14,3481600,CONTESTANT,1,0.0,F2,Lightsabers (medium),"[binary search, two pointers]",15942,1523705442,TESTS,15,WRONG_ANSWER
toxic_hack,958,37324717,GNU C++14,0,CONTESTANT,0,0.0,F2,Lightsabers (medium),"[binary search, two pointers]",15884,1523705384,TESTS,0,COMPILATION_ERROR
toxic_hack,958,37324231,GNU C++14,3481600,CONTESTANT,1,0.0,F2,Lightsabers (medium),"[binary search, two pointers]",14397,1523703897,TESTS,15,WRONG_ANSWER
toxic_hack,958,37323263,GNU C++14,3481600,CONTESTANT,1,0.0,F2,Lightsabers (medium),"[binary search, two pointers]",12515,1523702015,TESTS,15,WRONG_ANSWER
toxic_hack,958,37322951,GNU C++14,3584000,CONTESTANT,36,0.0,F2,Lightsabers (medium),"[binary search, two pointers]",12104,1523701604,TESTS,46,WRONG_ANSWER
toxic_hack,958,37322397,GNU C++14,3379200,CONTESTANT,6,0.0,F2,Lightsabers (medium),"[binary search, two pointers]",11392,1523700892,TESTS,15,WRONG_ANSWER
toxic_hack,958,37316187,Python 2,6041600,CONTESTANT,51,0.0,E1,Guard Duty (easy),"[brute force, geometry, greedy, math]",4621,1523694121,TESTS,124,OK
toxic_hack,958,37314807,GNU C++14,3481600,CONTESTANT,36,0.0,A1,Death Stars (easy),[implementation],3484,1523692984,TESTS,31,OK
toxic_hack,958,37314638,GNU C++14,8806400,CONTESTANT,16,0.0,D1,Hyperspace Jump (easy),"[expression parsing, math]",3360,1523692860,TESTS,498,OK
toxic_hack,958,37313762,GNU C++14,3379200,CONTESTANT,69,0.0,F1,Lightsabers (easy),[implementation],2682,1523692182,TESTS,31,OK
toxic_hack,958,37312899,GNU C++14,3379200,CONTESTANT,1,0.0,F1,Lightsabers (easy),[implementation],2005,1523691505,TESTS,15,WRONG_ANSWER
toxic_hack,958,37311424,GNU C++14,4915200,CONTESTANT,27,0.0,C1,Encryption (easy),[brute force],886,1523690386,TESTS,46,OK
toxic_hack,958,37311258,GNU C++14,3379200,CONTESTANT,9,0.0,B1,Maximum Control (easy),[implementation],748,1523690248,TESTS,15,OK
nimishagarg_ng,962,37171045,GNU C++14,24985600,CONTESTANT,26,0.0,D,Merge Equals,"[data structures, implementation]",6136,1523377036,TESTS,389,OK
nimishagarg_ng,962,37169046,GNU C++14,3481600,CONTESTANT,5,0.0,D,Merge Equals,"[data structures, implementation]",5435,1523376335,TESTS,30,WRONG_ANSWER
nimishagarg_ng,962,37162729,GNU C++14,4710400,CONTESTANT,70,0.0,C,Make a Square,"[brute force, implementation, math]",3380,1523374280,TESTS,31,OK
nimishagarg_ng,962,37161843,GNU C++14,4403200,CONTESTANT,9,0.0,C,Make a Square,"[brute force, implementation, math]",3135,1523374035,TESTS,31,WRONG_ANSWER
nimishagarg_ng,962,37155503,GNU C++14,4300800,CONTESTANT,93,0.0,B,Students in Railway Carriage,"[constructive algorithms, greedy, implementation]",1561,1523372461,TESTS,31,OK
nimishagarg_ng,962,37148679,GNU C++14,5222400,CONTESTANT,106,0.0,A,Equator,[implementation],247,1523371147,TESTS,77,OK
nimishagarg_ng,688,36887958,GNU C++14,9216000,PRACTICE,56,1500.0,C,NP-Hard Problem,"[dfs and similar, graphs]",2147483647,1522698292,TESTS,93,OK
nimishagarg_ng,495,36704625,GNU C++14,3686400,PRACTICE,37,1000.0,B,Modular Equations,[math],2147483647,1522272027,TESTS,31,OK
nimishagarg_ng,496,36703295,GNU C++14,3788800,PRACTICE,49,1750.0,C,Removing Columns,"[brute force, constructive algorithms, implementation]",2147483647,1522267306,TESTS,30,OK
nimishagarg_ng,92,36701030,GNU C++14,5939200,PRACTICE,51,1500.0,C,Newspaper Headline,"[binary search, data structures, dp, greedy]",2147483647,1522260096,TESTS,124,OK
nimishagarg_ng,92,36700593,GNU C++14,3379200,PRACTICE,3,1500.0,C,Newspaper Headline,"[binary search, data structures, dp, greedy]",2147483647,1522258846,TESTS,30,WRONG_ANSWER
nimishagarg_ng,104,36698248,GNU C++14,3686400,PRACTICE,47,1500.0,C,Cthulhu,"[dsu, trees]",2147483647,1522252926,TESTS,62,OK
nimishagarg_ng,104,36698012,GNU C++14,3379200,PRACTICE,2,1500.0,C,Cthulhu,"[dsu, trees]",2147483647,1522252297,TESTS,30,WRONG_ANSWER
nimishagarg_ng,204,36696001,GNU C++14,3686400,PRACTICE,62,500.0,A,Little Elephant and Interval,"[binary search, combinatorics, dp]",2147483647,1522247140,TESTS,60,OK
nimishagarg_ng,948,36694195,GNU C++14,99328000,PRACTICE,50,2000.0,D,Perfect Security,[data structures],2147483647,1522243995,TESTS,654,OK
nimishagarg_ng,955,36651568,GNU C++14,24678400,PRACTICE,20,1500.0,C,Sad powers,"[binary search, math, number theory]",2147483647,1522090909,TESTS,811,OK
nimishagarg_ng,955,36651461,GNU C++14,24371200,PRACTICE,2,1500.0,C,Sad powers,"[binary search, math, number theory]",2147483647,1522090575,TESTS,1123,WRONG_ANSWER
nimishagarg_ng,955,36542374,GNU C++14,3379200,CONTESTANT,34,500.0,A,Feed the cat,"[greedy, math]",2327,1521825227,TESTS,30,OK
nimishagarg_ng,955,36541836,GNU C++14,3379200,CONTESTANT,2,500.0,A,Feed the cat,"[greedy, math]",2124,1521825024,PRETESTS,31,WRONG_ANSWER
nimishagarg_ng,955,36540733,GNU C++14,3686400,CONTESTANT,56,1000.0,B,Not simply beatiful strings,[implementation],1750,1521824650,TESTS,31,OK
nimishagarg_ng,955,36538676,GNU C++14,3379200,CONTESTANT,2,500.0,A,Feed the cat,"[greedy, math]",1118,1521824018,PRETESTS,30,WRONG_ANSWER
nimishagarg_ng,955,36538297,GNU C++14,3379200,CONTESTANT,0,500.0,A,Feed the cat,"[greedy, math]",999,1521823899,PRETESTS,15,WRONG_ANSWER
nimishagarg_ng,954,36533532,GNU C++14,7987200,PRACTICE,35,0.0,D,Fight Against Traffic,"[dfs and similar, graphs, shortest paths]",2147483647,1521815423,TESTS,31,OK
nimishagarg_ng,765,36506190,GNU C++14,10444800,PRACTICE,43,2000.0,D,Artsem and Saunders,"[constructive algorithms, dsu, math]",2147483647,1521728933,TESTS,93,OK
nimishagarg_ng,626,36441944,GNU C++14,3379200,PRACTICE,78,1000.0,C,Block Towers,"[brute force, greedy]",2147483647,1521577488,TESTS,31,OK
nimishagarg_ng,626,36441838,GNU C++14,3379200,PRACTICE,6,1000.0,C,Block Towers,"[brute force, greedy]",2147483647,1521576992,TESTS,15,WRONG_ANSWER
nimishagarg_ng,146,36381262,GNU C++14,9318400,PRACTICE,99,2000.0,D,Lucky Number 2,"[brute force, constructive algorithms, implementation]",2147483647,1521360101,TESTS,92,OK
nimishagarg_ng,146,36381087,GNU C++14,9318400,PRACTICE,19,2000.0,D,Lucky Number 2,"[brute force, constructive algorithms, implementation]",2147483647,1521359720,TESTS,60,WRONG_ANSWER
nimishagarg_ng,685,36370183,GNU C++14,41984000,PRACTICE,49,1250.0,B,Kay and Snowflake,"[data structures, dfs and similar, trees]",2147483647,1521315170,TESTS,935,OK
nimishagarg_ng,949,36207411,GNU C++14,1945600,PRACTICE,36,1000.0,B,A Leapfrog in the Array,[math],2147483647,1520790987,TESTS,607,OK
nimishagarg_ng,949,36197463,GNU C++14,1843200,PRACTICE,6,1000.0,B,A Leapfrog in the Array,[math],2147483647,1520768142,TESTS,748,WRONG_ANSWER
nimishagarg_ng,949,36175350,GNU C++14,11059200,PRACTICE,71,500.0,A,Zebras,[greedy],2147483647,1520703780,TESTS,93,OK
nimishagarg_ng,949,36154343,GNU C++14,8908800,PRACTICE,8,500.0,A,Zebras,[greedy],2147483647,1520694349,TESTS,62,WRONG_ANSWER
nimishagarg_ng,949,36153929,GNU C++14,9216000,PRACTICE,7,500.0,A,Zebras,[greedy],2147483647,1520693414,TESTS,77,WRONG_ANSWER
nimishagarg_ng,949,36153878,GNU C++14,9830400,PRACTICE,7,500.0,A,Zebras,[greedy],2147483647,1520693312,TESTS,77,WRONG_ANSWER
nimishagarg_ng,949,36153838,GNU C++14,1843200,PRACTICE,0,500.0,A,Zebras,[greedy],2147483647,1520693188,TESTS,0,WRONG_ANSWER
nimishagarg_ng,949,36152950,GNU C++14,4915200,PRACTICE,7,500.0,A,Zebras,[greedy],2147483647,1520690802,TESTS,15,WRONG_ANSWER
nimishagarg_ng,931,36077952,GNU C++14,10444800,VIRTUAL,90,1750.0,D,Peculiar apple-tree,[dfs and similar],6545,1520529245,TESTS,46,OK
nimishagarg_ng,931,36076060,GNU C++14,1945600,VIRTUAL,64,1000.0,B,World Cup,[implementation],1525,1520524225,TESTS,30,OK
nimishagarg_ng,931,36075679,GNU C++14,1945600,VIRTUAL,40,500.0,A,Friends Meeting,"[brute force, implementation, math]",458,1520523158,TESTS,15,OK
nimishagarg_ng,657,35977849,GNU C++14,2048000,PRACTICE,72,500.0,A,Bear and Forgotten Tree 3,[graphs],2147483647,1520287837,TESTS,46,OK
nimishagarg_ng,657,35977843,GNU C++14,1843200,PRACTICE,0,500.0,A,Bear and Forgotten Tree 3,[graphs],2147483647,1520287801,TESTS,15,WRONG_ANSWER
nimishagarg_ng,657,35977798,GNU C++14,1945600,PRACTICE,4,500.0,A,Bear and Forgotten Tree 3,[graphs],2147483647,1520287522,TESTS,15,WRONG_ANSWER
nimishagarg_ng,657,35977693,GNU C++14,1843200,PRACTICE,9,500.0,A,Bear and Forgotten Tree 3,[graphs],2147483647,1520286931,TESTS,30,WRONG_ANSWER
nimishagarg_ng,657,35977585,GNU C++14,1843200,PRACTICE,4,500.0,A,Bear and Forgotten Tree 3,[graphs],2147483647,1520286374,TESTS,15,WRONG_ANSWER
nimishagarg_ng,768,35931476,GNU C++14,2252800,PRACTICE,87,1250.0,C,Jon Snow and his Favourite Number,"[brute force, dp, implementation, sortings]",2147483647,1520178790,TESTS,2090,OK
nimishagarg_ng,768,35928607,GNU C++14,2252800,PRACTICE,87,1250.0,C,Jon Snow and his Favourite Number,"[brute force, dp, implementation, sortings]",2147483647,1520178128,TESTS,2105,OK
nimishagarg_ng,938,35358518,GNU C++14,1945600,CONTESTANT,24,0.0,C,Constructing Tests,"[binary search, brute force]",3879,1518797379,TESTS,15,OK
nimishagarg_ng,938,35351949,GNU C++14,2252800,CONTESTANT,48,0.0,B,Run For Your Prize,"[brute force, greedy]",1917,1518795417,TESTS,31,OK
nimishagarg_ng,938,35346604,GNU C++14,1945600,CONTESTANT,49,0.0,A,Word Correction,[implementation],815,1518794315,TESTS,15,OK
toxic_hack,934,35336657,GNU C++14,2048000,VIRTUAL,45,1000.0,B,A Prosperous Lot,[implementation],760,1518783760,TESTS,15,OK
toxic_hack,934,35336651,GNU C++14,2048000,VIRTUAL,87,500.0,A,A Compatible Pair,"[brute force, games]",750,1518783750,TESTS,15,OK
toxic_hack,934,35336569,Python 2,4608000,VIRTUAL,84,500.0,A,A Compatible Pair,"[brute force, games]",558,1518783558,TESTS,62,RUNTIME_ERROR
toxic_hack,934,35336502,Python 2,4608000,VIRTUAL,5,500.0,A,A Compatible Pair,"[brute force, games]",426,1518783426,TESTS,62,RUNTIME_ERROR
nimishagarg_ng,407,35166409,GNU C++14,47820800,PRACTICE,51,500.0,A,Triangle,"[brute force, implementation, math]",2147483647,1518399243,TESTS,187,OK
nimishagarg_ng,407,35166348,GNU C++14,47820800,PRACTICE,10,500.0,A,Triangle,"[brute force, implementation, math]",2147483647,1518398837,TESTS,217,WRONG_ANSWER
nimishagarg_ng,407,35166320,GNU C++14,47820800,PRACTICE,8,500.0,A,Triangle,"[brute force, implementation, math]",2147483647,1518398686,TESTS,187,WRONG_ANSWER
nimishagarg_ng,407,35165796,GNU C++14,1945600,PRACTICE,1,500.0,A,Triangle,"[brute force, implementation, math]",2147483647,1518395113,TESTS,0,WRONG_ANSWER
nimishagarg_ng,121,35165662,GNU C++14,1945600,PRACTICE,42,500.0,A,Lucky Sum,[implementation],2147483647,1518393939,TESTS,15,OK
nimishagarg_ng,121,35165652,GNU C++14,1945600,PRACTICE,29,500.0,A,Lucky Sum,[implementation],2147483647,1518393834,TESTS,15,WRONG_ANSWER
nimishagarg_ng,53,35165320,GNU C++14,1945600,PRACTICE,22,1500.0,C,Little Frog,[constructive algorithms],2147483647,1518391438,TESTS,30,OK
lazycoder1412,922,35071989,Python 2,4608000,VIRTUAL,4,1250.0,C,Cave Painting,"[brute force, number theory]",5103,1518122463,TESTS,62,WRONG_ANSWER
lazycoder1412,922,35071971,Python 2,4505600,VIRTUAL,4,1250.0,C,Cave Painting,"[brute force, number theory]",5055,1518122415,TESTS,46,WRONG_ANSWER
lazycoder1412,922,35071532,Python 2,4608000,VIRTUAL,52,500.0,A,Cloning Toys,[implementation],3581,1518120941,TESTS,62,OK
lazycoder1412,922,35070906,Python 2,4608000,VIRTUAL,21,500.0,A,Cloning Toys,[implementation],1710,1518119070,TESTS,62,WRONG_ANSWER
lazycoder1412,922,35070596,Python 2,4608000,VIRTUAL,4,500.0,A,Cloning Toys,[implementation],926,1518118286,TESTS,46,WRONG_ANSWER
lazycoder1412,922,35070592,GNU C++14,1945600,VIRTUAL,44,1000.0,B,Magic Forest,[brute force],918,1518118278,TESTS,31,OK
lazycoder1412,922,35070455,Python 2,4505600,VIRTUAL,4,500.0,A,Cloning Toys,[implementation],538,1518117898,TESTS,61,WRONG_ANSWER
nimishagarg_ng,375,35037603,GNU C++14,3993600,PRACTICE,58,500.0,A,Divisible by Seven,"[math, number theory]",2147483647,1518041896,TESTS,93,OK
nimishagarg_ng,375,35037514,GNU C++14,3993600,PRACTICE,36,500.0,A,Divisible by Seven,"[math, number theory]",2147483647,1518041623,TESTS,93,WRONG_ANSWER
nimishagarg_ng,375,35037367,GNU C++14,1843200,PRACTICE,2,500.0,A,Divisible by Seven,"[math, number theory]",2147483647,1518041152,TESTS,0,WRONG_ANSWER
toxic_hack,822,35004892,GNU C++14,9216000,VIRTUAL,2,1250.0,C,"Hacker, pack your bags!","[binary search, greedy, sortings]",6411,1518020631,TESTS,0,RUNTIME_ERROR
toxic_hack,822,35004808,GNU C++14,9216000,VIRTUAL,2,1250.0,C,"Hacker, pack your bags!","[binary search, greedy, sortings]",6243,1518020463,TESTS,0,RUNTIME_ERROR
toxic_hack,822,35002428,GNU C++14,2048000,VIRTUAL,113,750.0,B,Crossword solving,"[brute force, implementation, strings]",968,1518015188,TESTS,15,OK
toxic_hack,822,35002325,GNU C++14,1945600,VIRTUAL,5,750.0,B,Crossword solving,"[brute force, implementation, strings]",754,1518014974,TESTS,0,WRONG_ANSWER
toxic_hack,822,35001996,Python 2,4608000,VIRTUAL,59,500.0,A,I'm bored with life,"[implementation, math, number theory]",149,1518014369,TESTS,62,OK
nimishagarg_ng,364,34990327,GNU C++14,2867200,PRACTICE,39,500.0,A,Matrix,"[combinatorics, data structures, implementation]",2147483647,1517985618,TESTS,468,WRONG_ANSWER
nimishagarg_ng,364,34990148,GNU C++14,2867200,PRACTICE,39,500.0,A,Matrix,"[combinatorics, data structures, implementation]",2147483647,1517985211,TESTS,468,WRONG_ANSWER
nimishagarg_ng,364,34989810,GNU C++14,2867200,PRACTICE,39,500.0,A,Matrix,"[combinatorics, data structures, implementation]",2147483647,1517984274,TESTS,499,WRONG_ANSWER
nimishagarg_ng,364,34988562,GNU C++14,2867200,PRACTICE,11,500.0,A,Matrix,"[combinatorics, data structures, implementation]",2147483647,1517980644,TESTS,499,WRONG_ANSWER
nimishagarg_ng,364,34977910,GNU C++14,3584000,PRACTICE,11,500.0,A,Matrix,"[combinatorics, data structures, implementation]",2147483647,1517937374,TESTS,483,WRONG_ANSWER
nimishagarg_ng,364,34977691,GNU C++14,3584000,PRACTICE,4,500.0,A,Matrix,"[combinatorics, data structures, implementation]",2147483647,1517936836,TESTS,514,WRONG_ANSWER
nimishagarg_ng,364,34977551,GNU C++14,2252800,PRACTICE,3,500.0,A,Matrix,"[combinatorics, data structures, implementation]",2147483647,1517936494,TESTS,15,RUNTIME_ERROR
nimishagarg_ng,487,34976648,GNU C++14,1945600,PRACTICE,46,500.0,A,Fight the Monster,"[binary search, brute force]",2147483647,1517934287,TESTS,15,OK
nimishagarg_ng,487,34974628,GNU C++14,1843200,PRACTICE,12,500.0,A,Fight the Monster,"[binary search, brute force]",2147483647,1517929440,TESTS,15,WRONG_ANSWER
nimishagarg_ng,150,34958277,GNU C++14,103526400,PRACTICE,53,500.0,A,Win or Freeze,"[games, number theory]",2147483647,1517880170,TESTS,405,OK
nimishagarg_ng,150,34958212,GNU C++14,103526400,PRACTICE,27,500.0,A,Win or Freeze,"[games, number theory]",2147483647,1517879878,TESTS,514,WRONG_ANSWER
nimishagarg_ng,150,34958133,GNU C++14,1945600,PRACTICE,53,500.0,A,Win or Freeze,"[games, number theory]",2147483647,1517879496,TESTS,46,OK
nimishagarg_ng,150,34957886,GNU C++14,103526400,PRACTICE,9,500.0,A,Win or Freeze,"[games, number theory]",2147483647,1517878148,TESTS,2000,TIME_LIMIT_EXCEEDED
nimishagarg_ng,150,34957855,GNU C++14,94720000,PRACTICE,3,500.0,A,Win or Freeze,"[games, number theory]",2147483647,1517877971,TESTS,2000,TIME_LIMIT_EXCEEDED
nimishagarg_ng,150,34957721,GNU C++14,103526400,PRACTICE,14,500.0,A,Win or Freeze,"[games, number theory]",2147483647,1517877176,TESTS,1715,WRONG_ANSWER
toxic_hack,485,34876030,Python 2,4812800,VIRTUAL,27,1500.0,C,Bits,"[implementation, math]",5723,1517604263,TESTS,717,OK
toxic_hack,485,34875605,Python 2,4608000,VIRTUAL,1,1500.0,C,Bits,"[implementation, math]",4237,1517602777,TESTS,46,WRONG_ANSWER
toxic_hack,485,34875461,Python 2,4710400,VIRTUAL,3,1500.0,C,Bits,"[implementation, math]",3815,1517602355,TESTS,124,WRONG_ANSWER
toxic_hack,485,34875326,Python 2,4608000,VIRTUAL,1,1500.0,C,Bits,"[implementation, math]",3385,1517601925,TESTS,61,WRONG_ANSWER
toxic_hack,485,34875273,Python 2,4608000,VIRTUAL,1,1500.0,C,Bits,"[implementation, math]",3237,1517601778,TESTS,46,WRONG_ANSWER
toxic_hack,485,34875204,Python 2,4608000,VIRTUAL,1,1500.0,C,Bits,"[implementation, math]",3062,1517601602,TESTS,46,WRONG_ANSWER
toxic_hack,485,34874655,GNU C++14,1945600,VIRTUAL,23,1000.0,A,Factory,"[implementation, math, matrices]",1539,1517600079,TESTS,15,OK
toxic_hack,485,34874507,GNU C++14,1945600,VIRTUAL,20,1000.0,A,Factory,"[implementation, math, matrices]",1119,1517599659,TESTS,15,WRONG_ANSWER
toxic_hack,485,34874339,GNU C++14,1945600,VIRTUAL,45,500.0,B,Valuable Resources,"[brute force, greedy]",736,1517599276,TESTS,15,OK
toxic_hack,485,34874291,GNU C++14,1843200,VIRTUAL,6,500.0,B,Valuable Resources,"[brute force, greedy]",591,1517599131,TESTS,15,WRONG_ANSWER
nimishagarg_ng,920,34856908,GNU C++14,3993600,CONTESTANT,139,0.0,C,Swap Adjacent Elements,"[dfs and similar, greedy, sortings, two pointers]",3633,1517585733,TESTS,62,OK
nimishagarg_ng,920,34851129,GNU C++14,1945600,CONTESTANT,8,0.0,B,Tea Queue,[implementation],2169,1517584269,TESTS,15,OK
nimishagarg_ng,920,34848400,GNU C++14,1945600,CONTESTANT,21,0.0,A,Water The Garden,[implementation],1569,1517583669,TESTS,15,OK
nimishagarg_ng,920,34845346,GNU C++14,1843200,CONTESTANT,1,0.0,A,Water The Garden,[implementation],944,1517583044,TESTS,0,WRONG_ANSWER
nimishagarg_ng,242,34828601,GNU C++14,7884800,PRACTICE,43,1500.0,C,King's Path,"[dfs and similar, hashing, shortest paths]",2147483647,1517552547,TESTS,248,OK
nimishagarg_ng,242,34822398,GNU C++14,17817600,PRACTICE,10,1500.0,C,King's Path,"[dfs and similar, hashing, shortest paths]",2147483647,1517530202,TESTS,2000,TIME_LIMIT_EXCEEDED
nimishagarg_ng,242,34822333,GNU C++14,11264000,PRACTICE,10,1500.0,C,King's Path,"[dfs and similar, hashing, shortest paths]",2147483647,1517529842,TESTS,2000,TIME_LIMIT_EXCEEDED
nimishagarg_ng,242,34820543,GNU C++14,14028800,PRACTICE,10,1500.0,C,King's Path,"[dfs and similar, hashing, shortest paths]",2147483647,1517520613,TESTS,2000,TIME_LIMIT_EXCEEDED
lazycoder1412,205,34779564,GNU C++14,18124800,VIRTUAL,90,1500.0,D,Little Elephant and Cards,"[binary search, brute force, sortings]",5372,1517427272,TESTS,530,OK
lazycoder1412,205,34779213,GNU C++14,2048000,VIRTUAL,13,1500.0,D,Little Elephant and Cards,"[binary search, brute force, sortings]",4590,1517426490,TESTS,30,WRONG_ANSWER
lazycoder1412,205,34778523,GNU C++14,2662400,VIRTUAL,45,1000.0,B,Little Elephant and Sorting,"[brute force, greedy]",2855,1517424755,TESTS,46,OK
lazycoder1412,205,34777526,GNU C++14,1843200,VIRTUAL,4,1000.0,B,Little Elephant and Sorting,"[brute force, greedy]",727,1517422627,TESTS,15,WRONG_ANSWER
lazycoder1412,205,34777281,Python 2,14848000,VIRTUAL,45,500.0,A,Little Elephant and Rozdil,"[brute force, implementation]",239,1517422139,TESTS,560,OK
nimishagarg_ng,919,34760468,GNU C++14,1843200,CONTESTANT,3,750.0,B,Perfect Number,"[binary search, brute force, dp, implementation, number theory]",3859,1517407759,PRETESTS,15,WRONG_ANSWER
nimishagarg_ng,919,34759588,GNU C++14,1843200,CONTESTANT,3,750.0,B,Perfect Number,"[binary search, brute force, dp, implementation, number theory]",3643,1517407543,PRETESTS,15,WRONG_ANSWER
nimishagarg_ng,919,34756007,GNU C++14,5836800,CONTESTANT,51,1000.0,C,Seat Arrangements,[implementation],2843,1517406743,TESTS,124,OK
nimishagarg_ng,919,34754644,GNU C++14,5836800,CONTESTANT,12,1000.0,C,Seat Arrangements,[implementation],2573,1517406473,CHALLENGES,93,CHALLENGED
nimishagarg_ng,919,34753072,GNU C++14,2867200,CONTESTANT,6,1000.0,C,Seat Arrangements,[implementation],2279,1517406179,PRETESTS,31,WRONG_ANSWER
nimishagarg_ng,919,34739818,GNU C++14,1945600,CONTESTANT,43,500.0,A,Supermarket,[greedy],326,1517404226,TESTS,15,OK
nimishagarg_ng,246,34584426,GNU C++14,25497600,VIRTUAL,37,2000.0,D,Colorful Graph,"[brute force, dfs and similar, graphs]",5792,1516989992,TESTS,560,OK
nimishagarg_ng,246,34584147,GNU C++14,1843200,VIRTUAL,2,2000.0,D,Colorful Graph,"[brute force, dfs and similar, graphs]",5139,1516989339,TESTS,30,WRONG_ANSWER
nimishagarg_ng,246,34583616,GNU C++14,1945600,VIRTUAL,34,1500.0,C,Beauty Pageant,"[brute force, constructive algorithms, greedy]",3652,1516987852,TESTS,30,OK
nimishagarg_ng,246,34582725,Python 2,7372800,VIRTUAL,30,1000.0,B,Increase and Decrease,"[greedy, math]",1743,1516985943,TESTS,154,OK
nimishagarg_ng,246,34582027,Python 2,4608000,VIRTUAL,21,500.0,A,Buggy Sorting,"[constructive algorithms, greedy, sortings]",315,1516984515,TESTS,62,OK
nimishagarg_ng,214,34578091,GNU C++14,3584000,PRACTICE,101,1000.0,B,Hometask,"[brute force, constructive algorithms, greedy, math]",2147483647,1516976104,TESTS,92,OK
nimishagarg_ng,214,34578051,GNU C++14,3584000,PRACTICE,11,1000.0,B,Hometask,"[brute force, constructive algorithms, greedy, math]",2147483647,1516976013,TESTS,92,WRONG_ANSWER
nimishagarg_ng,214,34577998,GNU C++14,3584000,PRACTICE,12,1000.0,B,Hometask,"[brute force, constructive algorithms, greedy, math]",2147483647,1516975898,TESTS,62,WRONG_ANSWER
nimishagarg_ng,448,34558229,GNU C++14,1945600,PRACTICE,127,2000.0,D,Multiplication Table,"[binary search, brute force]",2147483647,1516914686,TESTS,187,OK
nimishagarg_ng,448,34558086,GNU C++14,1945600,PRACTICE,5,2000.0,D,Multiplication Table,"[binary search, brute force]",2147483647,1516914111,TESTS,15,WRONG_ANSWER
lazycoder1412,448,34557483,GNU C++14,2355200,VIRTUAL,12,2500.0,C,Painting Fence,"[divide and conquer, dp, greedy]",6853,1516911853,TESTS,46,WRONG_ANSWER
lazycoder1412,448,34557391,GNU C++14,1945600,VIRTUAL,3,2500.0,C,Painting Fence,"[divide and conquer, dp, greedy]",6561,1516911561,TESTS,15,WRONG_ANSWER
lazycoder1412,448,34557343,GNU C++14,1945600,VIRTUAL,3,2500.0,C,Painting Fence,"[divide and conquer, dp, greedy]",6432,1516911432,TESTS,0,WRONG_ANSWER
lazycoder1412,448,34555637,Python 2,4608000,VIRTUAL,36,1000.0,B,Suffix Structures,"[implementation, strings]",1458,1516906458,TESTS,62,OK
lazycoder1412,448,34555242,Python 2,4608000,VIRTUAL,25,500.0,A,Rewards,[implementation],291,1516905291,TESTS,62,OK
nimishagarg_ng,354,34501747,GNU C++14,3072000,PRACTICE,23,500.0,A,Vasya and Robot,"[brute force, greedy, math]",2147483647,1516761971,TESTS,31,OK
nimishagarg_ng,135,34499464,GNU C++14,2252800,PRACTICE,97,500.0,A,Replacement,"[implementation, sortings]",2147483647,1516754512,TESTS,124,OK
nimishagarg_ng,135,34499430,GNU C++14,1843200,PRACTICE,4,500.0,A,Replacement,"[implementation, sortings]",2147483647,1516754362,TESTS,0,WRONG_ANSWER
nimishagarg_ng,337,34499224,GNU C++14,1945600,PRACTICE,73,1500.0,C,Quiz,"[binary search, greedy, math, matrices, number theory]",2147483647,1516753445,TESTS,30,OK
nimishagarg_ng,337,34499108,GNU C++14,1945600,PRACTICE,15,1500.0,C,Quiz,"[binary search, greedy, math, matrices, number theory]",2147483647,1516752902,TESTS,30,WRONG_ANSWER
nimishagarg_ng,337,34499075,GNU C++14,1945600,PRACTICE,6,1500.0,C,Quiz,"[binary search, greedy, math, matrices, number theory]",2147483647,1516752769,TESTS,30,WRONG_ANSWER
nimishagarg_ng,300,34483463,GNU C++14,17920000,PRACTICE,32,2000.0,C,Beautiful Numbers,"[brute force, combinatorics]",2147483647,1516713759,TESTS,996,OK
toxic_hack,914,34460307,GNU C++14,10137600,VIRTUAL,141,1500.0,C,Travelling Salesman and Special Numbers,"[brute force, combinatorics, dp]",9459,1516654359,TESTS,109,OK
toxic_hack,914,34460239,GNU C++14,10035200,VIRTUAL,13,1500.0,C,Travelling Salesman and Special Numbers,"[brute force, combinatorics, dp]",9127,1516654027,TESTS,15,WRONG_ANSWER
toxic_hack,914,34458484,Python 2,4608000,VIRTUAL,66,500.0,A,Perfect Squares,"[implementation, math]",2735,1516647635,TESTS,62,OK
toxic_hack,914,34457857,Python 2,14540800,VIRTUAL,91,1000.0,B,Conan and Agasa play a Card Game,"[games, greedy]",824,1516645724,TESTS,171,OK
toxic_hack,914,34457638,Python 2,4608000,VIRTUAL,2,500.0,A,Perfect Squares,"[implementation, math]",193,1516645093,TESTS,62,RUNTIME_ERROR
nimishagarg_ng,424,34408765,GNU C++14,5939200,PRACTICE,50,1500.0,C,Magic Formulas,[math],2147483647,1516528878,TESTS,280,OK
nimishagarg_ng,464,34290219,GNU C++14,1945600,PRACTICE,73,500.0,A,No to Palindromes!,"[greedy, strings]",2147483647,1516331093,TESTS,15,OK
nimishagarg_ng,464,34290161,GNU C++14,1945600,PRACTICE,5,500.0,A,No to Palindromes!,"[greedy, strings]",2147483647,1516330915,TESTS,15,WRONG_ANSWER
nimishagarg_ng,343,34278438,GNU C++14,1945600,PRACTICE,53,500.0,A,Rational Resistance,"[math, number theory]",2147483647,1516285798,TESTS,30,OK
nimishagarg_ng,343,34278284,GNU C++14,1945600,PRACTICE,53,500.0,A,Rational Resistance,"[math, number theory]",2147483647,1516285409,TESTS,30,OK
nimishagarg_ng,235,34276735,GNU C++14,1945600,PRACTICE,87,500.0,A,LCM Challenge,[number theory],2147483647,1516281663,TESTS,30,OK
nimishagarg_ng,235,34276575,GNU C++14,1945600,PRACTICE,32,500.0,A,LCM Challenge,[number theory],2147483647,1516281310,TESTS,30,WRONG_ANSWER
nimishagarg_ng,235,34276451,GNU C++14,1945600,PRACTICE,31,500.0,A,LCM Challenge,[number theory],2147483647,1516280961,TESTS,30,WRONG_ANSWER
nimishagarg_ng,429,34276248,GNU C++14,7065600,PRACTICE,35,500.0,A,Xor-tree,"[dfs and similar, trees]",2147483647,1516280410,TESTS,93,OK
nimishagarg_ng,429,34264710,GNU C++14,2048000,PRACTICE,1,500.0,A,Xor-tree,"[dfs and similar, trees]",2147483647,1516242666,TESTS,15,WRONG_ANSWER
nimishagarg_ng,231,34257589,GNU C++14,7168000,PRACTICE,55,1500.0,C,To Add or Not to Add,"[binary search, sortings, two pointers]",2147483647,1516208009,TESTS,122,OK
nimishagarg_ng,283,34224692,GNU C++14,5120000,PRACTICE,46,1000.0,A,Cows and Sequence,"[constructive algorithms, implementation]",2147483647,1516113483,TESTS,342,OK
nimishagarg_ng,283,34224575,Python 2,10547200,PRACTICE,42,1000.0,A,Cows and Sequence,"[constructive algorithms, implementation]",2147483647,1516113139,TESTS,1029,RUNTIME_ERROR
nimishagarg_ng,283,34224391,Python 2,10547200,PRACTICE,42,1000.0,A,Cows and Sequence,"[constructive algorithms, implementation]",2147483647,1516112655,TESTS,982,RUNTIME_ERROR
nimishagarg_ng,283,34223927,GNU C++14,5120000,PRACTICE,9,1000.0,A,Cows and Sequence,"[constructive algorithms, implementation]",2147483647,1516111441,TESTS,327,WRONG_ANSWER
nimishagarg_ng,283,34223656,GNU C++14,5120000,PRACTICE,9,1000.0,A,Cows and Sequence,"[constructive algorithms, implementation]",2147483647,1516110858,TESTS,405,WRONG_ANSWER
nimishagarg_ng,283,34223513,GNU C++14,5120000,PRACTICE,9,1000.0,A,Cows and Sequence,"[constructive algorithms, implementation]",2147483647,1516110546,TESTS,390,WRONG_ANSWER
nimishagarg_ng,283,34223383,GNU C++14,5120000,PRACTICE,9,1000.0,A,Cows and Sequence,"[constructive algorithms, implementation]",2147483647,1516110209,TESTS,373,WRONG_ANSWER
nimishagarg_ng,283,34223274,GNU C++14,5120000,PRACTICE,9,1000.0,A,Cows and Sequence,"[constructive algorithms, implementation]",2147483647,1516109926,TESTS,311,WRONG_ANSWER
nimishagarg_ng,283,34222843,GNU C++14,5017600,PRACTICE,9,1000.0,A,Cows and Sequence,"[constructive algorithms, implementation]",2147483647,1516108872,TESTS,1500,TIME_LIMIT_EXCEEDED
nimishagarg_ng,283,34222490,GNU C++14,3481600,PRACTICE,9,1000.0,A,Cows and Sequence,"[constructive algorithms, implementation]",2147483647,1516108010,TESTS,1153,WRONG_ANSWER
nimishagarg_ng,283,34222393,GNU C++14,3481600,PRACTICE,9,1000.0,A,Cows and Sequence,"[constructive algorithms, implementation]",2147483647,1516107791,TESTS,1216,WRONG_ANSWER
nimishagarg_ng,348,34197749,GNU C++14,1945600,PRACTICE,34,500.0,A,Mafia,"[binary search, math, sortings]",2147483647,1516022377,TESTS,92,OK
nimishagarg_ng,348,34197600,GNU C++14,1945600,PRACTICE,7,500.0,A,Mafia,"[binary search, math, sortings]",2147483647,1516022059,TESTS,30,WRONG_ANSWER
nimishagarg_ng,348,34197223,GNU C++14,1945600,PRACTICE,5,500.0,A,Mafia,"[binary search, math, sortings]",2147483647,1516021149,TESTS,30,WRONG_ANSWER
nimishagarg_ng,18,34195715,GNU C++14,2662400,PRACTICE,45,0.0,C,Stripe,"[data structures, implementation]",2147483647,1516017323,TESTS,62,OK
nimishagarg_ng,18,34195561,GNU C++14,1945600,PRACTICE,14,0.0,C,Stripe,"[data structures, implementation]",2147483647,1516016883,TESTS,30,WRONG_ANSWER
nimishagarg_ng,18,34195162,GNU C++14,1945600,PRACTICE,14,0.0,C,Stripe,"[data structures, implementation]",2147483647,1516015659,TESTS,30,WRONG_ANSWER
nimishagarg_ng,149,34194857,GNU C++14,2662400,PRACTICE,47,1500.0,C,Division into Teams,"[greedy, math, sortings]",2147483647,1516014625,TESTS,92,OK
nimishagarg_ng,149,34194827,GNU C++14,1843200,PRACTICE,0,1500.0,C,Division into Teams,"[greedy, math, sortings]",2147483647,1516014513,TESTS,0,WRONG_ANSWER
nimishagarg_ng,264,34193307,GNU C++14,7475200,PRACTICE,57,500.0,A,Escape from Stones,"[constructive algorithms, data structures, implementation, two pointers]",2147483647,1516009235,TESTS,171,OK
nimishagarg_ng,414,34185805,GNU C++14,1945600,PRACTICE,84,500.0,A,Mashmokh and Numbers,"[constructive algorithms, number theory]",2147483647,1515970757,TESTS,31,OK
nimishagarg_ng,427,34185521,GNU C++14,15257600,PRACTICE,137,1500.0,C,Checkposts,"[dfs and similar, graphs, two pointers]",2147483647,1515968636,TESTS,249,OK
lazycoder1412,913,34036369,GNU C++14,4300800,VIRTUAL,0,1250.0,D,Too Easy Problems,"[binary search, brute force, data structures, greedy, sortings]",8466,1515447966,TESTS,15,WRONG_ANSWER
lazycoder1412,913,34035906,GNU C++14,2048000,VIRTUAL,86,1000.0,C,Party Lemonade,"[bitmasks, dp, greedy]",5802,1515445302,TESTS,15,OK
lazycoder1412,913,34035810,GNU C++14,2048000,VIRTUAL,3,1000.0,C,Party Lemonade,"[bitmasks, dp, greedy]",5401,1515444901,TESTS,15,WRONG_ANSWER
lazycoder1412,913,34035748,GNU C++14,2048000,VIRTUAL,3,1000.0,C,Party Lemonade,"[bitmasks, dp, greedy]",5165,1515444665,TESTS,15,WRONG_ANSWER
lazycoder1412,913,34034471,GNU C++14,2048000,VIRTUAL,31,750.0,B,Christmas Spruce,"[implementation, trees]",964,1515440464,TESTS,15,OK
lazycoder1412,913,34034265,Python 2,4608000,VIRTUAL,49,500.0,A,Modular Exponentiation,"[implementation, math]",463,1515439963,TESTS,62,OK
nimishagarg_ng,912,33941552,GNU C++14,1945600,CONTESTANT,58,1000.0,B,New Year's Eve,"[bitmasks, constructive algorithms]",5048,1515167948,TESTS,15,OK
nimishagarg_ng,912,33940636,GNU C++14,1843200,CONTESTANT,8,1000.0,B,New Year's Eve,"[bitmasks, constructive algorithms]",4565,1515167465,PRETESTS,15,SKIPPED
nimishagarg_ng,912,33928500,GNU C++14,1945600,CONTESTANT,8,1000.0,B,New Year's Eve,"[bitmasks, constructive algorithms]",758,1515163658,CHALLENGES,15,CHALLENGED
nimishagarg_ng,912,33924664,GNU C++14,1945600,CONTESTANT,38,500.0,A,Tricky Alchemy,[implementation],284,1515163184,TESTS,15,OK
nimishagarg_ng,908,33808538,GNU C++14,1945600,VIRTUAL,15,1000.0,C,New Year and Curling,"[brute force, geometry, implementation, math]",5505,1514635665,TESTS,15,OK
nimishagarg_ng,908,33807664,GNU C++14,2048000,VIRTUAL,46,750.0,B,New Year and Buggy Bot,"[brute force, implementation]",2777,1514632937,TESTS,15,OK
nimishagarg_ng,908,33807613,GNU C++14,0,VIRTUAL,0,750.0,B,New Year and Buggy Bot,"[brute force, implementation]",2639,1514632799,TESTS,0,COMPILATION_ERROR
nimishagarg_ng,908,33806866,GNU C++14,1945600,VIRTUAL,38,500.0,A,New Year and Counting Cards,[implementation],295,1514630455,TESTS,15,OK
nimishagarg_ng,911,33733284,GNU C++14,1945600,CONTESTANT,67,0.0,C,Three Garlands,"[brute force, constructive algorithms]",4902,1514474802,TESTS,15,OK
nimishagarg_ng,911,33724084,GNU C++14,1843200,CONTESTANT,5,0.0,C,Three Garlands,"[brute force, constructive algorithms]",2016,1514471916,TESTS,15,WRONG_ANSWER
nimishagarg_ng,911,33719032,GNU C++14,1945600,CONTESTANT,135,0.0,B,Two Cakes,"[binary search, brute force, implementation]",1003,1514470903,TESTS,15,OK
nimishagarg_ng,911,33715803,GNU C++14,8499200,CONTESTANT,140,0.0,A,Nearest Minimums,[implementation],463,1514470363,TESTS,124,OK
nimishagarg_ng,909,33691685,GNU C++14,1843200,CONTESTANT,2,1500.0,C,Python Indentation,[dp],6500,1514399000,PRETESTS,15,WRONG_ANSWER
nimishagarg_ng,909,33684090,GNU C++14,1945600,CONTESTANT,102,1000.0,B,Segments,"[constructive algorithms, math]",3066,1514395566,TESTS,15,OK
nimishagarg_ng,909,33674615,GNU C++14,1945600,CONTESTANT,64,500.0,A,Generate Login,"[brute force, greedy, sortings]",269,1514392769,TESTS,15,OK
nimishagarg_ng,907,33570092,GNU C++14,1945600,CONTESTANT,20,1000.0,B,Tic-Tac-Toe,[implementation],7041,1514044941,TESTS,15,OK
nimishagarg_ng,907,33568297,GNU C++14,1945600,CONTESTANT,3,1000.0,B,Tic-Tac-Toe,[implementation],6620,1514044520,PRETESTS,15,WRONG_ANSWER
nimishagarg_ng,907,33561630,GNU C++14,1945600,CONTESTANT,32,500.0,A,Masha and Bears,"[brute force, implementation]",4644,1514042544,TESTS,15,OK
nimishagarg_ng,907,33549812,GNU C++14,1945600,CONTESTANT,6,500.0,A,Masha and Bears,"[brute force, implementation]",1839,1514039739,PRETESTS,15,WRONG_ANSWER
nimishagarg_ng,907,33546677,GNU C++14,1945600,CONTESTANT,3,500.0,A,Masha and Bears,"[brute force, implementation]",1331,1514039231,PRETESTS,15,WRONG_ANSWER
nimishagarg_ng,902,33425984,GNU C++14,2252800,CONTESTANT,45,1500.0,C,Hashing Trees,[],3146,1513700846,TESTS,93,OK
nimishagarg_ng,902,33421431,GNU C++14,2560000,CONTESTANT,50,1000.0,B,Coloring a Tree,"[dfs and similar, dsu]",1850,1513699550,TESTS,15,OK
nimishagarg_ng,902,33414364,GNU C++14,1945600,CONTESTANT,55,500.0,A,Visiting a Friend,[implementation],544,1513698244,TESTS,30,OK
nimishagarg_ng,385,33391755,GNU C++14,206233600,PRACTICE,27,1500.0,C,Bear and Prime Numbers,"[binary search, brute force, data structures, dp, implementation, math, number theory]",2147483647,1513628606,TESTS,919,OK
nimishagarg_ng,371,33390497,GNU C++14,1945600,PRACTICE,31,1500.0,C,Hamburgers,"[binary search, brute force]",2147483647,1513624650,TESTS,15,OK
nimishagarg_ng,217,33385868,GNU C++14,1945600,PRACTICE,76,500.0,A,Ice Skating,"[brute force, dfs and similar, dsu, graphs]",2147483647,1513614871,TESTS,30,OK
nimishagarg_ng,350,33384612,GNU C++14,2662400,PRACTICE,35,1000.0,C,Bombs,"[greedy, implementation, sortings]",2147483647,1513612173,TESTS,934,OK
nimishagarg_ng,898,33307952,GNU C++14,6144000,CONTESTANT,51,2000.0,E,Squares and not squares,[greedy],6383,1513430483,TESTS,93,OK
nimishagarg_ng,898,33306330,GNU C++14,3481600,CONTESTANT,8,2000.0,E,Squares and not squares,[greedy],5745,1513429845,PRETESTS,62,WRONG_ANSWER
nimishagarg_ng,898,33303505,GNU C++14,5836800,CONTESTANT,7,1750.0,D,Alarm Clock,[greedy],4589,1513428689,PRETESTS,46,WRONG_ANSWER
nimishagarg_ng,898,33302259,GNU C++14,5939200,CONTESTANT,7,1750.0,D,Alarm Clock,[greedy],4107,1513428207,PRETESTS,62,WRONG_ANSWER
nimishagarg_ng,898,33298717,GNU C++14,2150400,CONTESTANT,59,1500.0,C,Phone Numbers,"[implementation, strings]",2760,1513426860,TESTS,15,OK
nimishagarg_ng,898,33298473,GNU C++14,1843200,CONTESTANT,0,1500.0,C,Phone Numbers,"[implementation, strings]",2674,1513426774,PRETESTS,15,WRONG_ANSWER
nimishagarg_ng,898,33291512,GNU C++14,1945600,CONTESTANT,100,750.0,B,Proper Nutrition,"[brute force, implementation, number theory]",591,1513424691,TESTS,31,OK
nimishagarg_ng,898,33288902,GNU C++14,1945600,CONTESTANT,64,500.0,A,Rounding,[implementation],228,1513424328,TESTS,15,OK
nimishagarg_ng,350,33244837,GNU C++14,2662400,PRACTICE,4,1000.0,C,Bombs,"[greedy, implementation, sortings]",2147483647,1513266729,TESTS,966,WRONG_ANSWER
nimishagarg_ng,350,33244748,GNU C++14,2662400,PRACTICE,4,1000.0,C,Bombs,"[greedy, implementation, sortings]",2147483647,1513266538,TESTS,904,WRONG_ANSWER
nimishagarg_ng,339,33243653,GNU C++14,1945600,PRACTICE,40,1500.0,C,Xenia and Weights,"[constructive algorithms, dfs and similar, dp, greedy]",2147483647,1513264164,TESTS,15,OK
nimishagarg_ng,339,33241845,GNU C++14,268390400,PRACTICE,3,1500.0,C,Xenia and Weights,"[constructive algorithms, dfs and similar, dp, greedy]",2147483647,1513260181,TESTS,264,MEMORY_LIMIT_EXCEEDED
nimishagarg_ng,388,33212714,GNU C++14,1945600,PRACTICE,36,500.0,A,Fox and Box Accumulation,"[greedy, sortings]",2147483647,1513167666,TESTS,15,OK
nimishagarg_ng,388,33212000,GNU C++14,1945600,PRACTICE,20,500.0,A,Fox and Box Accumulation,"[greedy, sortings]",2147483647,1513166233,TESTS,15,WRONG_ANSWER
nimishagarg_ng,903,33188040,GNU C++14,18124800,CONTESTANT,28,0.0,D,Almost Difference,[math],6906,1513098006,CHALLENGES,296,CHALLENGED
nimishagarg_ng,903,33187067,GNU C++14,8499200,CONTESTANT,9,0.0,D,Almost Difference,[math],6611,1513097711,TESTS,2000,TIME_LIMIT_EXCEEDED
nimishagarg_ng,903,33185924,GNU C++14,8396800,CONTESTANT,9,0.0,D,Almost Difference,[math],6233,1513097333,TESTS,2000,TIME_LIMIT_EXCEEDED
nimishagarg_ng,903,33185183,GNU C++14,8499200,CONTESTANT,9,0.0,D,Almost Difference,[math],6001,1513097101,TESTS,2000,TIME_LIMIT_EXCEEDED
nimishagarg_ng,903,33170939,GNU C++14,1945600,CONTESTANT,24,0.0,C,Boxes Packing,[greedy],2112,1513093212,TESTS,31,OK
nimishagarg_ng,903,33165723,GNU C++14,2048000,CONTESTANT,17,0.0,B,The Modcrab,[greedy],1191,1513092291,TESTS,15,OK
nimishagarg_ng,903,33160976,GNU C++14,1945600,CONTESTANT,8,0.0,A,Hungry Student Problem,[greedy],435,1513091535,TESTS,15,OK
nimishagarg_ng,900,33133252,GNU C++14,2048000,CONTESTANT,33,1000.0,B,Position in Fraction,[math],6449,1513014749,TESTS,15,OK
nimishagarg_ng,900,33130162,GNU C++14,6553600,CONTESTANT,51,1500.0,C,Remove Extra One,"[brute force, data structures]",5267,1513013567,TESTS,62,OK
nimishagarg_ng,900,33123149,GNU C++14,1843200,CONTESTANT,2,1500.0,C,Remove Extra One,"[brute force, data structures]",2867,1513011167,PRETESTS,15,WRONG_ANSWER
nimishagarg_ng,900,33120811,GNU C++14,1843200,CONTESTANT,2,1500.0,C,Remove Extra One,"[brute force, data structures]",2244,1513010544,PRETESTS,15,WRONG_ANSWER
nimishagarg_ng,900,33112076,GNU C++14,1945600,CONTESTANT,71,500.0,A,Find Extra One,[implementation],254,1513008554,TESTS,77,OK
nimishagarg_ng,463,33104109,GNU C++14,33996800,PRACTICE,23,1500.0,C,Gargari and Bishops,"[greedy, hashing, implementation]",2147483647,1513002427,TESTS,1279,OK
nimishagarg_ng,463,33103984,GNU C++14,17920000,PRACTICE,8,1500.0,C,Gargari and Bishops,"[greedy, hashing, implementation]",2147483647,1513002008,TESTS,780,WRONG_ANSWER
nimishagarg_ng,463,33103937,GNU C++14,17920000,PRACTICE,7,1500.0,C,Gargari and Bishops,"[greedy, hashing, implementation]",2147483647,1513001842,TESTS,779,WRONG_ANSWER
nimishagarg_ng,463,33103780,GNU C++14,1945600,PRACTICE,3,1500.0,C,Gargari and Bishops,"[greedy, hashing, implementation]",2147483647,1513001335,TESTS,15,WRONG_ANSWER
nimishagarg_ng,463,33103643,GNU C++14,1843200,PRACTICE,0,1500.0,C,Gargari and Bishops,"[greedy, hashing, implementation]",2147483647,1513000829,TESTS,0,WRONG_ANSWER
nimishagarg_ng,801,33068127,GNU C++14,1843200,PRACTICE,7,1500.0,C,Voltage Keepsake,"[binary search, math]",2147483647,1512849462,TESTS,15,WRONG_ANSWER
nimishagarg_ng,801,33068087,GNU C++14,1843200,PRACTICE,4,1500.0,C,Voltage Keepsake,"[binary search, math]",2147483647,1512849338,TESTS,15,WRONG_ANSWER
nimishagarg_ng,801,33068020,GNU C++14,1843200,PRACTICE,3,1500.0,C,Voltage Keepsake,"[binary search, math]",2147483647,1512849129,TESTS,0,WRONG_ANSWER
nimishagarg_ng,801,33057557,GNU C++14,1945600,VIRTUAL,35,1000.0,B,Valued Keys,"[constructive algorithms, greedy, strings]",2216,1512841076,TESTS,15,OK
nimishagarg_ng,801,33057284,GNU C++14,1945600,VIRTUAL,1,1000.0,B,Valued Keys,"[constructive algorithms, greedy, strings]",1465,1512840325,TESTS,0,WRONG_ANSWER
nimishagarg_ng,801,33056946,GNU C++14,1843200,VIRTUAL,63,500.0,A,Vicious Keyboard,[brute force],571,1512839431,TESTS,30,OK
nimishagarg_ng,895,32692158,GNU C++14,1843200,CONTESTANT,0,1000.0,B,XK Segments,"[binary search, sortings, two pointers]",7178,1511719478,PRETESTS,0,WRONG_ANSWER
nimishagarg_ng,895,32689413,GNU C++14,1945600,CONTESTANT,93,500.0,A,Pizza Separation,[brute force],5842,1511718142,TESTS,15,OK
nimishagarg_ng,895,32686227,GNU C++14,1843200,CONTESTANT,7,500.0,A,Pizza Separation,[brute force],4103,1511716403,PRETESTS,15,WRONG_ANSWER
nimishagarg_ng,895,32685458,GNU C++14,1843200,CONTESTANT,7,500.0,A,Pizza Separation,[brute force],3707,1511716007,PRETESTS,15,WRONG_ANSWER
nimishagarg_ng,895,32683571,GNU C++14,1945600,CONTESTANT,7,500.0,A,Pizza Separation,[brute force],3353,1511715653,PRETESTS,15,WRONG_ANSWER
nimishagarg_ng,895,32680959,GNU C++14,1945600,CONTESTANT,7,500.0,A,Pizza Separation,[brute force],2126,1511714426,PRETESTS,15,WRONG_ANSWER
nimishagarg_ng,895,32679028,GNU C++14,1843200,CONTESTANT,0,500.0,A,Pizza Separation,[brute force],1435,1511713735,PRETESTS,0,RUNTIME_ERROR
nimishagarg_ng,894,32568943,GNU C++14,8089600,VIRTUAL,56,1500.0,C,Marco and GCD Sequence,"[constructive algorithms, math]",7109,1511423429,TESTS,15,OK
nimishagarg_ng,894,32568796,GNU C++14,7987200,VIRTUAL,14,1500.0,C,Marco and GCD Sequence,"[constructive algorithms, math]",6647,1511422967,TESTS,15,WRONG_ANSWER
nimishagarg_ng,894,32567340,GNU C++14,0,VIRTUAL,43,500.0,A,QAQ,"[brute force, dp]",908,1511417228,TESTS,15,OK
nimishagarg_ng,888,32183018,GNU C++14,0,PRACTICE,25,0.0,D,Almost Identity Permutations,"[combinatorics, dp, math]",2147483647,1510269593,TESTS,15,OK
nimishagarg_ng,888,32182222,GNU C++14,307200,VIRTUAL,51,0.0,C,K-Dominant Character,"[binary search, implementation, two pointers]",6066,1510264686,TESTS,30,OK
nimishagarg_ng,888,32181672,GNU C++14,307200,VIRTUAL,18,0.0,C,K-Dominant Character,"[binary search, implementation, two pointers]",3232,1510261852,TESTS,31,WRONG_ANSWER
nimishagarg_ng,888,32181036,GNU C++14,0,VIRTUAL,25,0.0,B,Buggy Robot,"[dp, greedy]",652,1510259272,TESTS,15,OK
nimishagarg_ng,888,32180908,GNU C++14,0,VIRTUAL,14,0.0,A,Local Extrema,"[brute force, implementation]",225,1510258845,TESTS,15,OK
nimishagarg_ng,887,32025298,GNU C++14,0,CONTESTANT,48,1500.0,C,Solution for Cube,"[brute force, implementation]",3646,1509728746,TESTS,15,OK
nimishagarg_ng,887,32021587,GNU C++14,204800,CONTESTANT,96,1000.0,B,Cubes for Masha,[brute force],2158,1509727258,TESTS,15,OK
nimishagarg_ng,887,32015171,GNU C++14,0,CONTESTANT,98,500.0,A,Div. 64,[implementation],451,1509725551,TESTS,15,OK
toxic_hack,757,31986284,GNU C++14,819200,VIRTUAL,134,1000.0,B,Bash's Big Day,"[greedy, math, number theory]",1071,1509640371,TESTS,46,OK
toxic_hack,757,31986101,GNU C++14,819200,VIRTUAL,11,1000.0,B,Bash's Big Day,"[greedy, math, number theory]",696,1509639996,TESTS,31,WRONG_ANSWER
toxic_hack,757,31986038,GNU C++14,307200,VIRTUAL,107,500.0,A,Gotta Catch Em' All!,[implementation],551,1509639851,TESTS,15,OK
toxic_hack,673,31961009,GNU C++14,0,VIRTUAL,48,1500.0,D,Bear and Two Paths,[],8526,1509563646,TESTS,15,OK
toxic_hack,673,31959460,GNU C++14,102400,VIRTUAL,35,1000.0,C,Bear and Colors,[],4257,1509559378,TESTS,156,OK
toxic_hack,673,31959148,GNU C++14,1843200,VIRTUAL,51,750.0,B,Problems for Round,"[greedy, implementation]",3429,1509558549,TESTS,77,OK
toxic_hack,673,31959145,Python 2,204800,VIRTUAL,5,1000.0,C,Bear and Colors,[],3423,1509558543,TESTS,2000,TIME_LIMIT_EXCEEDED
toxic_hack,673,31958818,GNU C++14,1843200,VIRTUAL,45,750.0,B,Problems for Round,"[greedy, implementation]",2589,1509557709,TESTS,77,WRONG_ANSWER
toxic_hack,673,31958620,Python 2,0,VIRTUAL,2,1000.0,C,Bear and Colors,[],2121,1509557241,TESTS,46,WRONG_ANSWER
toxic_hack,673,31958403,GNU C++14,1843200,VIRTUAL,45,750.0,B,Problems for Round,"[greedy, implementation]",1580,1509556700,TESTS,78,WRONG_ANSWER
toxic_hack,673,31958029,GNU C++11,0,VIRTUAL,34,500.0,A,Bear and Game,[implementation],671,1509555791,TESTS,15,OK
toxic_hack,868,31902107,GNU C++14,2764800,VIRTUAL,143,1000.0,C,Qualification Rounds,"[bitmasks, brute force, constructive algorithms, dp]",9278,1509386679,TESTS,78,OK
toxic_hack,868,31901269,Python 2,0,VIRTUAL,133,500.0,B,Race Against Time,[implementation],7263,1509384663,TESTS,62,OK
toxic_hack,868,31900496,Python 2,0,VIRTUAL,4,500.0,B,Race Against Time,[implementation],5450,1509382850,TESTS,46,WRONG_ANSWER
toxic_hack,868,31900329,Python 2,0,VIRTUAL,4,500.0,B,Race Against Time,[implementation],5075,1509382475,TESTS,46,WRONG_ANSWER
toxic_hack,868,31899829,GNU C++14,0,VIRTUAL,4,500.0,B,Race Against Time,[implementation],3952,1509381352,TESTS,15,WRONG_ANSWER
toxic_hack,868,31899813,Python 2,0,VIRTUAL,4,500.0,B,Race Against Time,[implementation],3905,1509381305,TESTS,46,WRONG_ANSWER
toxic_hack,868,31898359,GNU C++14,0,VIRTUAL,90,250.0,A,Bark to Unlock,"[brute force, strings]",499,1509377899,TESTS,15,OK
nimishagarg_ng,884,31808534,GNU C++14,0,CONTESTANT,16,0.0,A,Book Reading,[implementation],5176,1509118276,TESTS,15,OK
nimishagarg_ng,884,31808091,GNU C++14,11776000,CONTESTANT,27,0.0,C,Bertown Subway,"[dfs and similar, greedy, math]",4832,1509117932,TESTS,61,OK
nimishagarg_ng,884,31807539,GNU C++14,102400,CONTESTANT,5,0.0,C,Bertown Subway,"[dfs and similar, greedy, math]",4432,1509117532,TESTS,0,WRONG_ANSWER
nimishagarg_ng,884,31801379,GNU C++14,819200,CONTESTANT,66,0.0,B,Japanese Crosswords Strike Back,[implementation],975,1509114075,TESTS,46,OK
nimishagarg_ng,579,31773743,GNU C++14,0,VIRTUAL,31,1250.0,C,A Problem about Polyline,"[binary search, math]",6675,1509054375,TESTS,15,OK
nimishagarg_ng,579,31773685,GNU C++14,0,VIRTUAL,3,1250.0,C,A Problem about Polyline,"[binary search, math]",6430,1509054131,TESTS,15,WRONG_ANSWER
nimishagarg_ng,579,31772751,GNU C++14,0,VIRTUAL,3,1250.0,C,A Problem about Polyline,"[binary search, math]",3270,1509050971,TESTS,15,WRONG_ANSWER
nimishagarg_ng,579,31772207,GNU C++14,3891200,VIRTUAL,15,500.0,B,Finding Team Member,"[brute force, implementation, sortings]",1565,1509049265,TESTS,140,OK
nimishagarg_ng,579,31771869,GNU C++14,0,VIRTUAL,36,250.0,A,Raising Bacteria,[bitmasks],659,1509048359,TESTS,15,OK
nimishagarg_ng,879,31767979,GNU C++14,26009600,PRACTICE,30,1500.0,C,Short Program,"[bitmasks, constructive algorithms, graph matchings]",2147483647,1509040377,TESTS,140,OK
nimishagarg_ng,161,31061150,GNU C++14,424345600,PRACTICE,30,2000.0,D,Distance in Tree,"[dfs and similar, dp, trees]",2147483647,1507281588,TESTS,1152,OK
nimishagarg_ng,859,30972766,GNU C++14,0,PRACTICE,70,1000.0,C,Pie Rules,"[dp, games]",2147483647,1507047357,TESTS,15,OK
nimishagarg_ng,486,30758594,GNU C++14,307200,PRACTICE,40,1500.0,C,Palindrome Transformation,"[greedy, implementation]",2147483647,1506446870,TESTS,15,OK
nimishagarg_ng,441,30744794,GNU C++14,102400,PRACTICE,44,1500.0,C,Valera and Tubes ,"[constructive algorithms, dfs and similar, implementation]",2147483647,1506415585,TESTS,31,OK
nimishagarg_ng,478,30734203,GNU C++14,0,PRACTICE,42,1500.0,C,Table Decorations,[greedy],2147483647,1506359153,TESTS,15,OK
nimishagarg_ng,478,30734133,GNU C++14,0,PRACTICE,6,1500.0,C,Table Decorations,[greedy],2147483647,1506359051,TESTS,15,WRONG_ANSWER
nimishagarg_ng,845,29663716,GNU C++14,1638400,PRACTICE,58,0.0,C,Two TVs,"[data structures, greedy, sortings]",2147483647,1503335612,TESTS,140,OK
nimishagarg_ng,114,29533920,GNU C++14,0,PRACTICE,61,1000.0,B,PFAST Inc.,"[bitmasks, brute force]",2147483647,1502999148,TESTS,62,OK
nimishagarg_ng,114,29533588,GNU C++14,0,PRACTICE,5,1000.0,B,PFAST Inc.,"[bitmasks, brute force]",2147483647,1502997829,TESTS,30,WRONG_ANSWER
nimishagarg_ng,56,29444448,GNU C++14,1945600,PRACTICE,33,1000.0,B,Spoilt Permutation,[implementation],2147483647,1502663291,TESTS,60,OK
nimishagarg_ng,279,28402282,GNU C++14,3379200,PRACTICE,35,1500.0,C,Ladder,"[dp, implementation, two pointers]",2147483647,1499674988,TESTS,186,OK
nimishagarg_ng,137,28401329,GNU C++14,2764800,PRACTICE,75,1500.0,C,History,[sortings],2147483647,1499672379,TESTS,156,OK
nimishagarg_ng,279,28401264,GNU C++14,3379200,PRACTICE,20,1500.0,C,Ladder,"[dp, implementation, two pointers]",2147483647,1499672178,TESTS,156,WRONG_ANSWER
nimishagarg_ng,279,28401145,GNU C++14,1945600,PRACTICE,5,1500.0,C,Ladder,"[dp, implementation, two pointers]",2147483647,1499671834,TESTS,30,WRONG_ANSWER
nimishagarg_ng,363,28390178,GNU C++14,2662400,PRACTICE,62,1500.0,C,Fixing Typos,"[greedy, implementation]",2147483647,1499614725,TESTS,46,OK
nimishagarg_ng,382,28373839,GNU C++14,2355200,PRACTICE,59,1500.0,C,Arithmetic Progression,"[implementation, sortings]",2147483647,1499533814,TESTS,46,OK
nimishagarg_ng,382,28373742,GNU C++14,2355200,PRACTICE,56,1500.0,C,Arithmetic Progression,"[implementation, sortings]",2147483647,1499533423,TESTS,46,WRONG_ANSWER
nimishagarg_ng,382,28373654,GNU C++14,2355200,PRACTICE,52,1500.0,C,Arithmetic Progression,"[implementation, sortings]",2147483647,1499533110,TESTS,46,WRONG_ANSWER
nimishagarg_ng,459,28344031,GNU C++14,5939200,PRACTICE,41,2000.0,C,Pashmak and Buses,"[combinatorics, constructive algorithms, math]",2147483647,1499413047,TESTS,155,OK
nimishagarg_ng,220,28333731,GNU C++14,2764800,PRACTICE,96,500.0,A,Little Elephant and Problem,"[implementation, sortings]",2147483647,1499363622,TESTS,46,OK
nimishagarg_ng,220,28333407,GNU C++14,2867200,PRACTICE,35,500.0,A,Little Elephant and Problem,"[implementation, sortings]",2147483647,1499362615,TESTS,31,WRONG_ANSWER
nimishagarg_ng,220,28332789,GNU C++14,2867200,PRACTICE,35,500.0,A,Little Elephant and Problem,"[implementation, sortings]",2147483647,1499360798,TESTS,31,WRONG_ANSWER
nimishagarg_ng,220,28332007,GNU C++14,2867200,PRACTICE,33,500.0,A,Little Elephant and Problem,"[implementation, sortings]",2147483647,1499358873,TESTS,46,WRONG_ANSWER
nimishagarg_ng,220,28331675,GNU C++14,1945600,PRACTICE,7,500.0,A,Little Elephant and Problem,"[implementation, sortings]",2147483647,1499357897,TESTS,15,WRONG_ANSWER
nimishagarg_ng,225,28327317,GNU C++14,2048000,PRACTICE,36,1500.0,C,Barcode,"[dp, matrices]",2147483647,1499345470,TESTS,60,OK
nimishagarg_ng,225,28326129,GNU C++14,1945600,PRACTICE,3,1500.0,C,Barcode,"[dp, matrices]",2147483647,1499342658,TESTS,30,WRONG_ANSWER
nimishagarg_ng,225,28325847,GNU C++14,1945600,PRACTICE,2,1500.0,C,Barcode,"[dp, matrices]",2147483647,1499342004,TESTS,0,WRONG_ANSWER
nimishagarg_ng,254,28307994,GNU C++14,2252800,PRACTICE,36,1000.0,B,Jury Size,"[brute force, implementation]",2147483647,1499270887,TESTS,30,OK
nimishagarg_ng,254,28307969,GNU C++14,1945600,PRACTICE,0,1000.0,B,Jury Size,"[brute force, implementation]",2147483647,1499270784,TESTS,0,WRONG_ANSWER
nimishagarg_ng,254,28307942,GNU C++14,0,PRACTICE,0,1000.0,B,Jury Size,"[brute force, implementation]",2147483647,1499270643,TESTS,0,COMPILATION_ERROR
nimishagarg_ng,254,28307872,GNU C++14,1945600,PRACTICE,0,1000.0,B,Jury Size,"[brute force, implementation]",2147483647,1499270363,TESTS,0,WRONG_ANSWER
nimishagarg_ng,99,28282694,GNU C++14,2355200,PRACTICE,200,1000.0,B,Help Chef Gerasim,"[implementation, sortings]",2147483647,1499177892,TESTS,15,OK
nimishagarg_ng,99,28281798,GNU C++14,1945600,PRACTICE,17,1000.0,B,Help Chef Gerasim,"[implementation, sortings]",2147483647,1499175429,TESTS,15,WRONG_ANSWER
nimishagarg_ng,99,28281775,GNU C++14,0,PRACTICE,0,1000.0,B,Help Chef Gerasim,"[implementation, sortings]",2147483647,1499175369,TESTS,0,COMPILATION_ERROR
nimishagarg_ng,99,28281611,GNU C++14,1945600,PRACTICE,8,1000.0,B,Help Chef Gerasim,"[implementation, sortings]",2147483647,1499174980,TESTS,15,WRONG_ANSWER
nimishagarg_ng,83,28280574,GNU C++14,2355200,PRACTICE,50,500.0,A,Magical Array,[math],2147483647,1499172136,TESTS,434,OK
nimishagarg_ng,83,28280389,GNU C++14,2355200,PRACTICE,31,500.0,A,Magical Array,[math],2147483647,1499171655,TESTS,374,WRONG_ANSWER
nimishagarg_ng,83,28280245,GNU C++14,2355200,PRACTICE,31,500.0,A,Magical Array,[math],2147483647,1499171340,TESTS,372,WRONG_ANSWER
nimishagarg_ng,83,28280137,GNU C++14,1945600,PRACTICE,4,500.0,A,Magical Array,[math],2147483647,1499171070,TESTS,30,WRONG_ANSWER
nimishagarg_ng,225,28278750,GNU C++14,1945600,PRACTICE,70,1000.0,B,Well-known Numbers,"[binary search, greedy, number theory]",2147483647,1499167563,TESTS,30,OK
nimishagarg_ng,197,28276837,GNU C++14,1945600,PRACTICE,80,500.0,B,Limit,[math],2147483647,1499161402,TESTS,30,OK
nimishagarg_ng,320,28260779,GNU C++14,1945600,PRACTICE,24,1000.0,B,Ping-Pong (Easy Version),"[dfs and similar, graphs]",2147483647,1499100031,TESTS,30,OK
nimishagarg_ng,197,28258778,GNU C++14,1945600,PRACTICE,80,500.0,B,Limit,[math],2147483647,1499093780,TESTS,30,OK
nimishagarg_ng,268,28258093,GNU C++14,1945600,PRACTICE,47,1500.0,C,Beautiful Sets of Points,"[constructive algorithms, implementation]",2147483647,1499092022,TESTS,30,OK
nimishagarg_ng,9,28249752,GNU C++14,1945600,PRACTICE,36,0.0,C,Hexadecimal's Numbers,"[brute force, implementation, math]",2147483647,1499071720,TESTS,30,OK
nimishagarg_ng,490,28237183,GNU C++14,15462400,PRACTICE,71,1500.0,C,Hacking Cypher,"[brute force, math, strings]",2147483647,1499028858,TESTS,78,OK
nimishagarg_ng,490,28236719,GNU C++14,1945600,PRACTICE,6,1500.0,C,Hacking Cypher,"[brute force, math, strings]",2147483647,1499027309,TESTS,31,WRONG_ANSWER
nimishagarg_ng,152,28235767,GNU C++14,1945600,PRACTICE,60,1500.0,C,Pocket Book,[combinatorics],2147483647,1499024679,TESTS,62,OK
nimishagarg_ng,109,28205580,GNU C++14,1945600,PRACTICE,51,500.0,A,Lucky Sum of Digits,"[brute force, implementation]",2147483647,1498981415,TESTS,62,OK
nimishagarg_ng,109,28195202,GNU C++14,1945600,PRACTICE,2,500.0,A,Lucky Sum of Digits,"[brute force, implementation]",2147483647,1498926841,TESTS,30,WRONG_ANSWER
nimishagarg_ng,550,28194525,GNU C++14,2048000,PRACTICE,73,1000.0,C,Divisibility by Eight,"[brute force, dp, math]",2147483647,1498924205,TESTS,15,OK
nimishagarg_ng,14,28171037,GNU C++14,1945600,PRACTICE,52,0.0,B,Young Photographer,[implementation],2147483647,1498823942,TESTS,30,OK
nimishagarg_ng,14,28168700,GNU C++14,1945600,PRACTICE,3,0.0,B,Young Photographer,[implementation],2147483647,1498814997,TESTS,30,WRONG_ANSWER
nimishagarg_ng,61,28168387,GNU C++14,2150400,PRACTICE,43,1000.0,B,Hard Work,[strings],2147483647,1498813909,TESTS,46,OK
nimishagarg_ng,186,28075837,GNU C++14,1945600,PRACTICE,36,1000.0,B,Growing Mushrooms,"[greedy, sortings]",2147483647,1498564836,TESTS,62,OK
nimishagarg_ng,152,28073768,GNU C++14,1945600,PRACTICE,34,1000.0,B,Steps,"[binary search, implementation]",2147483647,1498556832,TESTS,92,OK
nimishagarg_ng,400,28070961,GNU C++14,4198400,PRACTICE,34,1000.0,B,Inna and New Matrix of Candies,"[brute force, implementation, schedules]",2147483647,1498548973,TESTS,171,OK
nimishagarg_ng,215,28055204,GNU C++14,1945600,PRACTICE,31,500.0,B,Olympic Medal,"[greedy, math]",2147483647,1498472600,TESTS,60,OK
nimishagarg_ng,469,28023523,GNU C++14,1945600,PRACTICE,31,1000.0,B,Chat Online,[implementation],2147483647,1498400471,TESTS,15,OK
nimishagarg_ng,621,28020974,GNU C++14,1945600,PRACTICE,68,1000.0,B,Wet Shark and Bishops,[combinatorics],2147483647,1498389297,TESTS,93,OK
nimishagarg_ng,621,28020918,GNU C++14,1945600,PRACTICE,68,1000.0,B,Wet Shark and Bishops,[combinatorics],2147483647,1498389103,TESTS,93,OK
nimishagarg_ng,581,28018545,GNU C++14,2764800,PRACTICE,53,1000.0,B,Luxurious Houses,[implementation],2147483647,1498380174,TESTS,46,OK
nimishagarg_ng,78,27989090,GNU C++14,1945600,PRACTICE,34,1000.0,B,Easter Eggs,"[constructive algorithms, implementation]",2147483647,1498235789,TESTS,30,OK
nimishagarg_ng,227,27982309,GNU C++14,2355200,PRACTICE,34,1000.0,B,Effective Approach,[implementation],2147483647,1498212898,TESTS,124,OK
nimishagarg_ng,47,27966259,GNU C++14,1945600,PRACTICE,50,1000.0,B,Coins,[implementation],2147483647,1498137827,TESTS,30,OK
nimishagarg_ng,102,27963135,GNU C++14,2252800,PRACTICE,51,1000.0,B,Sum of Digits,[implementation],2147483647,1498129180,TESTS,30,OK
nimishagarg_ng,102,27963121,GNU C++14,2150400,PRACTICE,9,1000.0,B,Sum of Digits,[implementation],2147483647,1498129112,TESTS,30,WRONG_ANSWER
nimishagarg_ng,463,27961075,GNU C++14,2355200,PRACTICE,49,1000.0,B,Caisa and Pylons,[math],2147483647,1498122125,TESTS,31,OK
nimishagarg_ng,16,27960264,GNU C++14,1945600,PRACTICE,49,0.0,B,Burglar and Matches,"[greedy, implementation, sortings]",2147483647,1498119595,TESTS,30,OK
nimishagarg_ng,680,27959536,GNU C++14,1945600,PRACTICE,24,1000.0,B,Bear and Finding Criminals,"[constructive algorithms, implementation]",2147483647,1498117097,TESTS,15,OK
nimishagarg_ng,476,27956522,GNU C++14,1945600,PRACTICE,31,1500.0,B,Dreamoon and WiFi,"[bitmasks, brute force, combinatorics, dp, math, probabilities]",2147483647,1498103607,TESTS,31,OK
nimishagarg_ng,50,27955792,GNU C++14,1945600,PRACTICE,35,500.0,A,Domino piling,"[greedy, math]",2147483647,1498099755,TESTS,62,OK
nimishagarg_ng,50,27955772,GNU C++14,1945600,PRACTICE,2,500.0,A,Domino piling,"[greedy, math]",2147483647,1498099600,TESTS,62,WRONG_ANSWER
nimishagarg_ng,38,27949260,GNU C++14,1945600,PRACTICE,50,0.0,A,Army,[implementation],2147483647,1498060579,TESTS,30,OK
nimishagarg_ng,284,27949039,GNU C++14,2457600,PRACTICE,66,1000.0,B,Cows and Poker Game,"[brute force, implementation]",2147483647,1498059654,TESTS,92,OK
nimishagarg_ng,90,27948864,GNU C++14,2048000,PRACTICE,43,1000.0,B,African Crossword,"[implementation, strings]",2147483647,1498058935,TESTS,30,OK
nimishagarg_ng,312,27904572,GNU C++14,0,PRACTICE,31,1000.0,B,Archer,"[math, probabilities]",2147483647,1497875435,TESTS,15,OK
nimishagarg_ng,408,27879734,GNU C++14,0,PRACTICE,21,1000.0,B,Garland,[implementation],2147483647,1497773409,TESTS,15,OK
nimishagarg_ng,357,27879483,GNU C++14,409600,PRACTICE,63,1000.0,B,Flag Day,"[constructive algorithms, implementation]",2147483647,1497772514,TESTS,46,OK
nimishagarg_ng,416,27875840,GNU C++14,1228800,PRACTICE,26,1000.0,B,Art Union,"[brute force, dp, implementation]",2147483647,1497757664,TESTS,187,OK
nimishagarg_ng,251,27863781,GNU C++14,819200,PRACTICE,39,500.0,A,Points on Line,"[binary search, combinatorics, two pointers]",2147483647,1497716622,TESTS,404,OK
nimishagarg_ng,110,27860095,GNU C++14,307200,PRACTICE,32,1000.0,B,Lucky String,"[constructive algorithms, strings]",2147483647,1497714731,TESTS,30,OK
nimishagarg_ng,66,27857687,GNU C++14,0,PRACTICE,80,1000.0,B,Petya and Countryside,"[brute force, implementation]",2147483647,1497713639,TESTS,30,OK
nimishagarg_ng,366,27841731,GNU C++14,409600,PRACTICE,36,1000.0,B,Dima and To-do List,"[brute force, implementation]",2147483647,1497689191,TESTS,46,OK
nimishagarg_ng,366,27841697,GNU C++14,409600,PRACTICE,36,1000.0,B,Dima and To-do List,"[brute force, implementation]",2147483647,1497689054,TESTS,124,OK
nimishagarg_ng,58,27841385,GNU C++14,0,PRACTICE,50,1000.0,B,Coins,[greedy],2147483647,1497688059,TESTS,30,OK
nimishagarg_ng,289,27838291,GNU C++14,0,PRACTICE,31,1000.0,B,Polo the Penguin and Matrix,"[brute force, dp, implementation, sortings, ternary search]",2147483647,1497677404,TESTS,62,OK
nimishagarg_ng,155,27817339,GNU C++14,0,PRACTICE,39,1000.0,B,Combination,"[greedy, sortings]",2147483647,1497589849,TESTS,30,OK
nimishagarg_ng,155,27817279,GNU C++14,0,PRACTICE,30,1000.0,B,Combination,"[greedy, sortings]",2147483647,1497589604,TESTS,30,WRONG_ANSWER
nimishagarg_ng,155,27817229,GNU C++14,0,PRACTICE,6,1000.0,B,Combination,"[greedy, sortings]",2147483647,1497589415,TESTS,30,RUNTIME_ERROR
nimishagarg_ng,133,27792610,GNU C++14,0,PRACTICE,67,1000.0,B,Unary,[implementation],2147483647,1497527321,TESTS,30,OK
nimishagarg_ng,122,27791912,GNU C++14,0,PRACTICE,42,1000.0,B,Lucky Substring,"[brute force, implementation]",2147483647,1497524802,TESTS,30,OK
nimishagarg_ng,352,27791593,GNU C++14,4505600,PRACTICE,36,1000.0,B,Jeff and Periods,"[implementation, sortings]",2147483647,1497523488,TESTS,654,OK
nimishagarg_ng,282,27760707,GNU C++14,2969600,PRACTICE,54,1000.0,B,Painting Eggs,"[greedy, math]",2147483647,1497377062,TESTS,4086,OK
nimishagarg_ng,4,27760216,GNU C++14,0,PRACTICE,15,0.0,B,Before an Exam,"[constructive algorithms, greedy]",2147483647,1497375120,TESTS,15,OK
nimishagarg_ng,4,27760102,GNU C++14,0,PRACTICE,6,0.0,B,Before an Exam,"[constructive algorithms, greedy]",2147483647,1497374642,TESTS,15,WRONG_ANSWER
nimishagarg_ng,377,27743175,GNU C++14,10752000,PRACTICE,89,500.0,A,Maze,[dfs and similar],2147483647,1497291753,TESTS,140,OK
nimishagarg_ng,489,27738067,GNU C++14,0,PRACTICE,81,1000.0,B,BerSU Ball,"[dfs and similar, dp, graph matchings, greedy, sortings, two pointers]",2147483647,1497271743,TESTS,30,OK
nimishagarg_ng,489,27737958,GNU C++14,0,PRACTICE,21,1000.0,B,BerSU Ball,"[dfs and similar, dp, graph matchings, greedy, sortings, two pointers]",2147483647,1497271320,TESTS,15,WRONG_ANSWER
nimishagarg_ng,522,27736457,GNU C++14,204800,PRACTICE,36,500.0,A,Reposts,"[dfs and similar, dp, graphs, trees]",2147483647,1497265439,TESTS,15,OK
nimishagarg_ng,500,27735942,GNU C++14,102400,PRACTICE,34,500.0,A,New Year Transportation,"[dfs and similar, graphs, implementation]",2147483647,1497263555,TESTS,46,OK
nimishagarg_ng,437,27735224,GNU C++14,0,PRACTICE,29,1500.0,C,The Child and Toy,"[graphs, greedy, sortings]",2147483647,1497260645,TESTS,15,OK
nimishagarg_ng,432,27722504,GNU C++14,0,PRACTICE,35,500.0,A,Choosing Teams,"[greedy, implementation, sortings]",2147483647,1497191443,TESTS,15,OK
nimishagarg_ng,797,27716463,GNU C++14,0,PRACTICE,126,0.0,B,Odd sum,"[dp, greedy]",2147483647,1497164968,TESTS,124,OK
nimishagarg_ng,797,27703256,GNU C++14,0,PRACTICE,26,0.0,B,Odd sum,"[dp, greedy]",2147483647,1497086357,TESTS,140,WRONG_ANSWER
nimishagarg_ng,797,27703248,GNU C,0,PRACTICE,0,0.0,B,Odd sum,"[dp, greedy]",2147483647,1497086327,TESTS,0,COMPILATION_ERROR
nimishagarg_ng,115,27688995,GNU C,204800,PRACTICE,106,500.0,A,Party,"[dfs and similar, graphs, trees]",2147483647,1497011561,TESTS,60,OK
nimishagarg_ng,115,27688730,GNU C,0,PRACTICE,0,500.0,A,Party,"[dfs and similar, graphs, trees]",2147483647,1497010570,TESTS,30,RUNTIME_ERROR
nimishagarg_ng,115,27688664,GNU C,0,PRACTICE,0,500.0,A,Party,"[dfs and similar, graphs, trees]",2147483647,1497010323,TESTS,30,RUNTIME_ERROR
nimishagarg_ng,580,27683909,GNU C,8704000,PRACTICE,40,1500.0,C,Kefa and Park,"[dfs and similar, trees]",2147483647,1496991631,TESTS,77,OK
nimishagarg_ng,580,27675515,GNU C,614400,PRACTICE,11,1500.0,C,Kefa and Park,"[dfs and similar, trees]",2147483647,1496939615,TESTS,15,WRONG_ANSWER
nimishagarg_ng,160,27671533,GNU C++11,0,PRACTICE,29,500.0,A,Twins,"[greedy, sortings]",2147483647,1496926065,TESTS,30,OK
nimishagarg_ng,265,27670367,GNU C++11,409600,PRACTICE,15,1000.0,B,Roadside Trees (Simplified Edition),"[greedy, implementation]",2147483647,1496922443,TESTS,342,OK
nimishagarg_ng,431,27631777,GNU C++11,0,PRACTICE,54,1500.0,C,k-Tree,"[dp, implementation, trees]",2147483647,1496836043,TESTS,15,OK
nimishagarg_ng,431,27631698,GNU C++11,0,PRACTICE,6,1500.0,C,k-Tree,"[dp, implementation, trees]",2147483647,1496835750,TESTS,15,WRONG_ANSWER
nimishagarg_ng,35,27629877,GNU C++11,204800,PRACTICE,20,500.0,A,Shell Game,[implementation],2147483647,1496829487,TESTS,30,OK
nimishagarg_ng,35,27629214,GNU C++11,0,PRACTICE,0,500.0,A,Shell Game,[implementation],2147483647,1496826949,TESTS,30,WRONG_ANSWER
nimishagarg_ng,49,27629032,GNU C++11,0,PRACTICE,35,500.0,A,Sleuth,[implementation],2147483647,1496826159,TESTS,30,OK
nimishagarg_ng,189,27583180,GNU C++11,0,PRACTICE,58,500.0,A,Cut Ribbon,"[brute force, dp]",2147483647,1496667392,TESTS,15,OK
nimishagarg_ng,189,27583149,GNU C++11,0,PRACTICE,7,500.0,A,Cut Ribbon,"[brute force, dp]",2147483647,1496667283,TESTS,15,WRONG_ANSWER
nimishagarg_ng,479,27540399,GNU C++11,102400,PRACTICE,53,1500.0,C,Exams,"[greedy, sortings]",2147483647,1496482738,TESTS,46,OK
nimishagarg_ng,479,27540263,GNU C++11,102400,PRACTICE,11,1500.0,C,Exams,"[greedy, sortings]",2147483647,1496482282,TESTS,31,WRONG_ANSWER
nimishagarg_ng,466,27528747,GNU C++11,3993600,PRACTICE,30,1500.0,C,Number of Ways,"[binary search, brute force, data structures, dp, two pointers]",2147483647,1496423422,TESTS,1169,OK
nimishagarg_ng,466,27528719,GNU C++11,819200,PRACTICE,5,1500.0,C,Number of Ways,"[binary search, brute force, data structures, dp, two pointers]",2147483647,1496423274,TESTS,109,WRONG_ANSWER
nimishagarg_ng,455,27527413,GNU C++11,1228800,PRACTICE,47,500.0,A,Boredom,[dp],2147483647,1496418871,TESTS,187,OK
nimishagarg_ng,455,27527331,GNU C++11,1228800,PRACTICE,41,500.0,A,Boredom,[dp],2147483647,1496418617,TESTS,187,WRONG_ANSWER
nimishagarg_ng,455,27354499,GNU C++11,409600,PRACTICE,10,500.0,A,Boredom,[dp],2147483647,1495797597,TESTS,156,WRONG_ANSWER
nimishagarg_ng,489,27344017,GNU C++11,0,PRACTICE,65,1500.0,C,Given Length and Sum of Digits...,"[dp, greedy, implementation]",2147483647,1495740816,TESTS,15,OK
nimishagarg_ng,489,27342794,GNU C++11,0,PRACTICE,2,1500.0,C,Given Length and Sum of Digits...,"[dp, greedy, implementation]",2147483647,1495736174,TESTS,15,WRONG_ANSWER
nimishagarg_ng,489,27342781,GNU C++11,0,PRACTICE,1,1500.0,C,Given Length and Sum of Digits...,"[dp, greedy, implementation]",2147483647,1495736118,TESTS,0,WRONG_ANSWER
nimishagarg_ng,192,27342098,GNU C++11,0,PRACTICE,85,1000.0,B,Walking in the Rain,"[brute force, implementation]",2147483647,1495733652,TESTS,30,OK
nimishagarg_ng,219,27340834,GNU C++11,0,PRACTICE,102,1000.0,B,Special Offer! Super Price 999 Bourles!,[implementation],2147483647,1495729319,TESTS,62,OK
nimishagarg_ng,219,27339552,GNU C++11,0,PRACTICE,92,1000.0,B,Special Offer! Super Price 999 Bourles!,[implementation],2147483647,1495725324,TESTS,30,WRONG_ANSWER
nimishagarg_ng,219,27339532,GNU C++11,0,PRACTICE,0,1000.0,B,Special Offer! Super Price 999 Bourles!,[implementation],2147483647,1495725265,TESTS,0,WRONG_ANSWER
nimishagarg_ng,233,27332286,GNU C++11,0,PRACTICE,48,1000.0,B,Non-square Equation,"[binary search, brute force, math]",2147483647,1495701876,TESTS,30,OK
nimishagarg_ng,233,27332248,GNU C++11,0,PRACTICE,3,1000.0,B,Non-square Equation,"[binary search, brute force, math]",2147483647,1495701691,TESTS,30,WRONG_ANSWER
nimishagarg_ng,437,27317629,GNU C++11,102400,PRACTICE,33,1500.0,B,The Child and Set,"[bitmasks, greedy, implementation, sortings]",2147483647,1495618852,TESTS,30,OK
nimishagarg_ng,437,27316700,GNU C++11,102400,PRACTICE,17,1500.0,B,The Child and Set,"[bitmasks, greedy, implementation, sortings]",2147483647,1495614558,TESTS,30,WRONG_ANSWER
nimishagarg_ng,129,27304197,GNU C++11,102400,PRACTICE,70,1000.0,B,Students and Shoelaces,"[brute force, dfs and similar, graphs]",2147483647,1495552969,TESTS,62,OK
nimishagarg_ng,401,27232863,GNU C++11,0,PRACTICE,81,1500.0,C,Team,"[constructive algorithms, greedy, implementation]",2147483647,1495273480,TESTS,592,OK
nimishagarg_ng,401,27232694,GNU C++11,0,PRACTICE,12,1500.0,C,Team,"[constructive algorithms, greedy, implementation]",2147483647,1495272980,TESTS,592,WRONG_ANSWER
nimishagarg_ng,401,27232015,GNU C++11,0,PRACTICE,6,1500.0,C,Team,"[constructive algorithms, greedy, implementation]",2147483647,1495270865,TESTS,15,WRONG_ANSWER
nimishagarg_ng,401,27231847,GNU C++11,0,PRACTICE,4,1500.0,C,Team,"[constructive algorithms, greedy, implementation]",2147483647,1495270283,TESTS,0,WRONG_ANSWER
nimishagarg_ng,359,27230836,GNU C++11,0,PRACTICE,30,1000.0,B,Permutation,"[constructive algorithms, dp, math]",2147483647,1495267273,TESTS,62,OK
nimishagarg_ng,151,27230219,GNU C++11,102400,PRACTICE,38,1000.0,B,Phone Numbers,"[implementation, strings]",2147483647,1495265280,TESTS,15,OK
nimishagarg_ng,234,27220084,GNU C++11,204800,PRACTICE,8,0.0,B,Reading,[sortings],2147483647,1495217449,TESTS,30,WRONG_ANSWER
nimishagarg_ng,234,27219891,GNU C++11,0,PRACTICE,0,0.0,B,Reading,[sortings],2147483647,1495216772,TESTS,0,RUNTIME_ERROR
nimishagarg_ng,234,27219843,GNU C++14,0,PRACTICE,0,0.0,B,Reading,[sortings],2147483647,1495216620,TESTS,0,WRONG_ANSWER
nimishagarg_ng,234,27219800,GNU C++14,0,PRACTICE,0,0.0,B,Reading,[sortings],2147483647,1495216497,TESTS,0,WRONG_ANSWER
nimishagarg_ng,182,27219371,GNU C++14,0,PRACTICE,40,500.0,B,Vasya's Calendar,[implementation],2147483647,1495214728,TESTS,30,OK
nimishagarg_ng,143,27217381,GNU C++14,0,PRACTICE,100,1000.0,B,Help Kingdom of Far Far Away 2,"[implementation, strings]",2147483647,1495207265,TESTS,30,OK
nimishagarg_ng,69,27215830,GNU C++14,0,PRACTICE,81,500.0,A,Young Physicist,"[implementation, math]",2147483647,1495201947,TESTS,30,OK
nimishagarg_ng,443,27215737,GNU C++14,0,PRACTICE,27,500.0,A,Anton and Letters,"[constructive algorithms, implementation]",2147483647,1495201599,TESTS,15,OK
nimishagarg_ng,466,27215140,GNU C++14,0,PRACTICE,19,500.0,A,Cheap Travel,[implementation],2147483647,1495199645,TESTS,15,OK
nimishagarg_ng,466,27215051,GNU C++14,0,PRACTICE,2,500.0,A,Cheap Travel,[implementation],2147483647,1495199319,TESTS,15,WRONG_ANSWER
nimishagarg_ng,313,27214767,GNU C++14,0,PRACTICE,47,500.0,A,Ilya and Bank Account,"[implementation, number theory]",2147483647,1495198458,TESTS,30,OK
nimishagarg_ng,116,27214376,GNU C++14,0,PRACTICE,76,1000.0,B,Little Pigs and Wolves,"[greedy, implementation]",2147483647,1495197361,TESTS,30,OK
nimishagarg_ng,116,27214116,GNU C++14,0,PRACTICE,10,1000.0,B,Little Pigs and Wolves,"[greedy, implementation]",2147483647,1495196592,TESTS,30,WRONG_ANSWER
nimishagarg_ng,157,27203204,GNU C++14,0,PRACTICE,44,1000.0,B,Trace,"[geometry, sortings]",2147483647,1495134150,TESTS,30,OK
nimishagarg_ng,157,27203155,GNU C++14,0,PRACTICE,0,1000.0,B,Trace,"[geometry, sortings]",2147483647,1495133946,TESTS,0,WRONG_ANSWER
nimishagarg_ng,493,27202813,GNU C++14,3174400,PRACTICE,57,1000.0,B,Vasya and Wrestling,[implementation],2147483647,1495132511,TESTS,421,OK
nimishagarg_ng,493,27202593,GNU C++14,1843200,PRACTICE,19,1000.0,B,Vasya and Wrestling,[implementation],2147483647,1495131753,TESTS,374,WRONG_ANSWER
nimishagarg_ng,486,27202079,GNU C++14,0,PRACTICE,47,1000.0,B,OR in Matrix,"[greedy, hashing, implementation]",2147483647,1495129515,TESTS,15,OK
nimishagarg_ng,486,27201453,GNU C++14,0,PRACTICE,30,1000.0,B,OR in Matrix,"[greedy, hashing, implementation]",2147483647,1495127361,TESTS,15,WRONG_ANSWER
nimishagarg_ng,432,27199833,GNU C++14,1228800,PRACTICE,38,1000.0,B,Football Kit,"[brute force, greedy, implementation]",2147483647,1495121678,TESTS,467,OK
nimishagarg_ng,432,27199565,GNU C++14,1638400,PRACTICE,9,1000.0,B,Football Kit,"[brute force, greedy, implementation]",2147483647,1495120791,TESTS,1000,TIME_LIMIT_EXCEEDED
nimishagarg_ng,514,27199199,GNU C++14,102400,PRACTICE,7,1000.0,B,Han Solo and Lazer Gun,"[brute force, data structures, geometry, implementation, math]",2147483647,1495119486,TESTS,15,WRONG_ANSWER
nimishagarg_ng,514,27195569,GNU C++14,102400,PRACTICE,7,1000.0,B,Han Solo and Lazer Gun,"[brute force, data structures, geometry, implementation, math]",2147483647,1495108300,TESTS,0,WRONG_ANSWER
nimishagarg_ng,514,27194996,GNU C++11,0,PRACTICE,7,1000.0,B,Han Solo and Lazer Gun,"[brute force, data structures, geometry, implementation, math]",2147483647,1495106556,TESTS,15,WRONG_ANSWER
nimishagarg_ng,514,27194330,GNU C++11,0,PRACTICE,7,1000.0,B,Han Solo and Lazer Gun,"[brute force, data structures, geometry, implementation, math]",2147483647,1495104141,TESTS,15,WRONG_ANSWER
nimishagarg_ng,514,27194248,GNU C++11,0,PRACTICE,23,1000.0,B,Han Solo and Lazer Gun,"[brute force, data structures, geometry, implementation, math]",2147483647,1495103884,TESTS,15,WRONG_ANSWER
nimishagarg_ng,514,27194065,GNU C++14,0,PRACTICE,5,1000.0,B,Han Solo and Lazer Gun,"[brute force, data structures, geometry, implementation, math]",2147483647,1495102158,TESTS,15,WRONG_ANSWER
nimishagarg_ng,451,27183406,GNU C++14,819200,PRACTICE,76,1000.0,B,Sort the Array,"[implementation, sortings]",2147483647,1495037883,TESTS,202,OK
nimishagarg_ng,451,27183376,GNU C++14,819200,PRACTICE,73,1000.0,B,Sort the Array,"[implementation, sortings]",2147483647,1495037716,TESTS,202,WRONG_ANSWER
nimishagarg_ng,451,27183346,GNU C++14,0,PRACTICE,0,1000.0,B,Sort the Array,"[implementation, sortings]",2147483647,1495037599,TESTS,0,WRONG_ANSWER
nimishagarg_ng,136,27182281,GNU C++14,0,PRACTICE,101,500.0,A,Presents,[implementation],2147483647,1495033131,TESTS,30,OK
nimishagarg_ng,285,27181971,GNU C++14,409600,PRACTICE,33,1000.0,B,Find Marble,[implementation],2147483647,1495032023,TESTS,280,OK
nimishagarg_ng,507,27181599,GNU C++14,0,PRACTICE,37,1000.0,B,Amr and Pins,"[geometry, math]",2147483647,1495030851,TESTS,15,OK
nimishagarg_ng,507,27181378,GNU C++14,0,PRACTICE,7,1000.0,B,Amr and Pins,"[geometry, math]",2147483647,1495030226,TESTS,15,WRONG_ANSWER
nimishagarg_ng,230,27178727,GNU C++14,102400,PRACTICE,54,500.0,A,Dragons,"[greedy, sortings]",2147483647,1495022602,TESTS,30,OK
nimishagarg_ng,230,27169001,GNU C++11,0,PRACTICE,9,500.0,A,Dragons,"[greedy, sortings]",2147483647,1494970391,TESTS,30,WRONG_ANSWER
nimishagarg_ng,230,27168784,GNU C++11,0,PRACTICE,8,500.0,A,Dragons,"[greedy, sortings]",2147483647,1494968696,TESTS,30,WRONG_ANSWER
nimishagarg_ng,230,27168636,GNU C++14,204800,PRACTICE,8,500.0,A,Dragons,"[greedy, sortings]",2147483647,1494967828,TESTS,30,WRONG_ANSWER
nimishagarg_ng,58,27166933,GNU C++14,0,PRACTICE,40,500.0,A,Chat room,"[greedy, strings]",2147483647,1494959521,TESTS,15,OK
nimishagarg_ng,339,27166629,GNU C++14,0,PRACTICE,21,500.0,A,Helpful Maths,"[greedy, implementation, sortings, strings]",2147483647,1494958260,TESTS,30,OK
nimishagarg_ng,266,27166290,GNU C++14,0,PRACTICE,44,500.0,B,Queue at the School,"[constructive algorithms, graph matchings, implementation, shortest paths]",2147483647,1494956969,TESTS,30,OK
nimishagarg_ng,118,27164453,GNU C++14,0,PRACTICE,42,500.0,A,String Task,"[implementation, strings]",2147483647,1494950181,TESTS,30,OK
nimishagarg_ng,118,27164412,GNU C++14,0,PRACTICE,2,500.0,A,String Task,"[implementation, strings]",2147483647,1494950026,TESTS,30,WRONG_ANSWER
nimishagarg_ng,4,27163237,GNU C++14,0,PRACTICE,20,0.0,A,Watermelon,"[brute force, math]",2147483647,1494946490,TESTS,30,OK
nimishagarg_ng,4,27163141,GNU C++14,0,PRACTICE,0,0.0,A,Watermelon,"[brute force, math]",2147483647,1494946208,TESTS,0,COMPILATION_ERROR
